key,name,sector,invite_event
exxon,Exxon,hydrocarbons,CWIC_MNC.1000
mobil,Mobil,hydrocarbons,CWIC_MNC.1001
chevron,Chevron,hydrocarbons,CWIC_MNC.1002
texaco,Texaco,hydrocarbons,CWIC_MNC.1003
gulf_oil,Gulf Oil,hydrocarbons,CWIC_MNC.1004
amoco,Amoco,hydrocarbons,CWIC_MNC.1005
conoco,Conoco,hydrocarbons,CWIC_MNC.1006
sinclair_oil,Sinclair Oil,hydrocarbons,CWIC_MNC.1007
shell,Shell,hydrocarbons,CWIC_MNC.1008
bp,BP,hydrocarbons,CWIC_MNC.1009
total_cfp,Total CFP,hydrocarbons,CWIC_MNC.1010
eni,ENI,hydrocarbons,CWIC_MNC.1011
iberia_cepsa,Iberia CEPSA,hydrocarbons,CWIC_MNC.1012
statoil,Statoil,hydrocarbons,CWIC_MNC.1013
aramco,Aramco,hydrocarbons,CWIC_MNC.1014
pdvsa,PDVSA,hydrocarbons,CWIC_MNC.1015
nnpc,NNPC,hydrocarbons,CWIC_MNC.1016
sonatrach,Sonatrach,hydrocarbons,CWIC_MNC.1017
pertamina,Pertamina,hydrocarbons,CWIC_MNC.1018
pemex,PEMEX,hydrocarbons,CWIC_MNC.1019
rio_tinto,Rio Tinto,mining,CWIC_MNC.1020
anglo_american,Anglo American,mining,CWIC_MNC.1021
de_beers,De Beers,mining,CWIC_MNC.1022
lonrho,Lonrho,mining,CWIC_MNC.1023
inmetco,Inmetco,mining,CWIC_MNC.1024
inco,Inco,mining,CWIC_MNC.1025
alcoa,Alcoa,mining,CWIC_MNC.1026
kennecott,Kennecott,mining,CWIC_MNC.1027
anaconda_copper,Anaconda Copper,mining,CWIC_MNC.1028
noranda,Noranda,mining,CWIC_MNC.1029
sumitomo_mining,Sumitomo Mining,mining,CWIC_MNC.1030
gécamines,Gecamines,mining,CWIC_MNC.1031
united_fruit,United Fruit,agri,CWIC_MNC.1032
del_monte,Del Monte,agri,CWIC_MNC.1033
dole,Dole,agri,CWIC_MNC.1034
cargill,Cargill,agri,CWIC_MNC.1035
adm,ADM,agri,CWIC_MNC.1036
bunge,Bunge,agri,CWIC_MNC.1037
unilever,Unilever,agri,CWIC_MNC.1038
nestle,Nestle,agri,CWIC_MNC.1039
cadbury,Cadbury,agri,CWIC_MNC.1040
mitsui_bussan_agri,Mitsui Bussan Agri,agri,CWIC_MNC.1041
gm,Gm,manufacturing,CWIC_MNC.1042
ford,Ford,manufacturing,CWIC_MNC.1043
chrysler,Chrysler,manufacturing,CWIC_MNC.1044
vw,VW,manufacturing,CWIC_MNC.1045
fiat,Fiat,manufacturing,CWIC_MNC.1046
renault,Renault,manufacturing,CWIC_MNC.1047
peugeot,Peugeot,manufacturing,CWIC_MNC.1048
daimler_benz,Daimler Benz,manufacturing,CWIC_MNC.1049
toyota,Toyota,manufacturing,CWIC_MNC.1050
nissan,Nissan,manufacturing,CWIC_MNC.1051
ge,Ge,manufacturing,CWIC_MNC.1052
dupont,Dupont,manufacturing,CWIC_MNC.1053
dow,Dow,manufacturing,CWIC_MNC.1054
basf,BASF,manufacturing,CWIC_MNC.1055
bayer,Bayer,manufacturing,CWIC_MNC.1056
ibm,IBM,electronics,CWIC_MNC.1057
rca,RCA,electronics,CWIC_MNC.1058
att,ATT,electronics,CWIC_MNC.1059
itt,ITT,electronics,CWIC_MNC.1060
siemens,Siemens,electronics,CWIC_MNC.1061
philips,Philips,electronics,CWIC_MNC.1062
olivetti,Olivetti,electronics,CWIC_MNC.1063
sony,Sony,electronics,CWIC_MNC.1064
panasonic,Panasonic,electronics,CWIC_MNC.1065
toshiba,Toshiba,electronics,CWIC_MNC.1066
