id,effect,window,picture,title,option,quote,song,sound,variants,once,notes
1,Super_Event_JAP_Economic_Dominance_Play,popup,GFX_Big_JAP_Economic_Dominance,SUPER_EVENT_TITLE_JAP_ECONOMIC_DOMINANCE,SUPER_EVENT_OPTION_JAP_ECONOMIC_DOMINANCE,Super_Event_JAP_Economic_Dominance_DESC,Super_Event_JAP_Economic_Dominance,,,,
2,Super_Event_Partial_SOV_Victory_Play,popup,GFX_Big_Soviet_Partial_Victory,SUPER_EVENT_TITLE_BIG_SOVIET_PARTIAL_VICTORY,SUPER_EVENT_OPTION_BIG_SOVIET_PARTIAL_VICTORY,Super_Event_SOV_Victory_Partial_DESC,superevent_ww3_soviet_partial_victory,,,,
3,Super_Event_GKCHP_Play,popup,GFX_Big_gkchp,SUPER_EVENT_TITLE_GKCHP,SUPER_EVENT_OPTION_GKCHP,Super_Event_gkchp_DESC,superevent_gkchp_coup,,,,
4,Super_Event_SUEZ_ENG_Victory_Play,popup,GFX_Big_SUEZ_ENG_Victory,SUPER_EVENT_TITLE_SUEZ_ENG_VICTORY,SUPER_EVENT_OPTION_SUEZ_ENG_VICTORY,Super_Event_SUEZ_ENG_Victory_DESC,Super_Event_SUEZ_ENG_Victory,,,,
5,Super_Event_Korean_War_KOR_Victory_Play,popup,GFX_Big_Korean_War_KOR_Victory,SUPER_EVENT_TITLE_KOREAN_WAR_KOR_VICTORY,SUPER_EVENT_OPTION_KOREAN_WAR_KOR_VICTORY,Super_Event_Korean_War_KOR_Victory_DESC,Super_Event_Korean_War_KOR_Victory,,,,
6,Super_Event_Grachev_Presidency_Play,popup,GFX_Big_Grachev_Presidency,SUPER_EVENT_TITLE_GRACHEV_PRESIDENCY,SUPER_EVENT_OPTION_GRACHEV_PRESIDENCY,SUPER_EVENT_GRACHEV,Super_Event_Grachev_Presidency,,,,
7,Super_Event_North_Vietnam_First_Indochina_War_Victory_Play,popup,GFX_Big_North_Vietnam_Indochina_War_Victory,SUPER_EVENT_TITLE_NORTH_VIETNAM_INDOCHINA_WAR_VICTORY,SUPER_EVENT_OPTION_NORTH_VIETNAM_INDOCHINA_WAR_VICTORY,SUPER_EVENT_NORTH_VIETNAM_INDOCHINA_WAR_VICTORY,Super_Event_North_Vietnam_Indochina_War_Victory,,,,
8,Super_Event_South_Vietnam_First_Indochina_War_Victory_Play,popup,GFX_Big_South_Vietnam_Indochina_War_Victory,SUPER_EVENT_TITLE_SOUTH_VIETNAM_INDOCHINA_WAR_VICTORY,SUPER_EVENT_OPTION_SOUTH_VIETNAM_INDOCHINA_WAR_VICTORY,SUPER_EVENT_SOUTH_VIETNAM_INDOCHINA_WAR_VICTORY,Super_Event_South_Vietnam_Indochina_War_Victory,,,,
9,Super_Event_Zhirinovsky_Play,popup,GFX_Big_Zhirinovsky,SUPER_EVENT_TITLE_ZHIRINOVSKY,SUPER_EVENT_OPTION_ZHIRINOVSKY,SUPER_EVENT_ZHRINOVSKY,Super_Event_Zhirinovsky,,,,
10,Super_Event_Early_Putin_Play,popup,GFX_Big_Early_Putin_Presidency,SUPER_EVENT_TITLE_EARLY_PUTIN_PRESIDENCY,SUPER_EVENT_OPTION_EARLY_PUTIN_PRESIDENCY,SUPER_EVENT_EARLY_PUTIN_PRESIDENCY_DESC,Super_Event_Early_Putin_Presidency,,,,
11,Super_Event_Rutskoy_Play,popup,GFX_Big_Rutskoy_Presidency,SUPER_EVENT_TITLE_RUTSKOY_PRESIDENCY,SUPER_EVENT_OPTION_RUTSKOY_PRESIDENCY,SUPER_EVENT_RUTSKOY_PRESIDENCY_DESC,Super_Event_Rutskoy_Presidency,,,,
12,Super_Event_Fall_of_Soviet_Union_Play,popup,GFX_Big_CMC_Fall_of_Soviet_Union,SUPER_EVENT_TITLE_FALL_OF_SOVIET_UNION,SUPER_EVENT_OPTION_FALL_OF_SOVIET_UNION,SUPER_EVENT_FALL_OF_SOVIET_UNION,Super_Event_Fall_of_Soviet_Union,,,,
13,Super_Event_SDI_Play,popup,GFX_Big_SDI,SUPER_EVENT_TITLE_SDI,SUPER_EVENT_OPTION_SDI,SUPER_EVENT_SDI_DESC,Super_Event_American_SDI_Activated,,,,
14,Super_Event_Castro_Death_Play,popup,GFX_Big_Fidel_Death,SUPER_EVENT_TITLE_CASTRO_DEATH,SUPER_EVENT_OPTION_CASTRO_DEATH,SUPER_EVENT_CASTRO_DEATH_DESC,Super_Event_Castro_Death,,,,
15,Super_Event_Cuban_Revolution_Alt_A_Play,popup,GFX_Big_Cuban_Revolution_Alt_A,SUPER_EVENT_TITLE_CUBAN_REVOLUTION_ALT_A,SUPER_EVENT_OPTION_CUBAN_REVOLUTION_ALT_A,SUPER_EVENT_CUBAN_REVOLUTION_ALT_A_DESC,Super_Event_Cuban_Revolution_Alt_A,,,,
16,Super_Event_Cuban_Revolution_Alt_B_Play,popup,GFX_Big_Cuban_Revolution_Alt_B,SUPER_EVENT_TITLE_CUBAN_REVOLUTION_ALT_B,SUPER_EVENT_OPTION_CUBAN_REVOLUTION_ALT_B,SUPER_EVENT_CUBAN_REVOLUTION_ALT_B_DESC,Super_Event_Cuban_Revolution_Alt_B,,,,
17,Super_Event_Cuban_Revolution_Alt_C_Play,popup,GFX_Big_Cuban_Revolution_Alt_C,SUPER_EVENT_TITLE_CUBAN_REVOLUTION_ALT_C,SUPER_EVENT_OPTION_CUBAN_REVOLUTION_ALT_C,SUPER_EVENT_CUBAN_REVOLUTION_ALT_C_DESC,Super_Event_Cuban_Revolution_Alt_C,,,,
18,Super_Event_Russian_Soviet_Islamic_Federative_Republic_Play,popup,GFX_Big_Russian_Soviet_Islamic_Federative_Republic,SUPER_EVENT_TITLE_RUSSIAN_SOVIET_ISLAMIC_FEDERATIVE_REPUBLIC,SUPER_EVENT_OPTION_RUSSIAN_SOVIET_ISLAMIC_FEDERATIVE_REPUBLIC,SUPER_EVENT_RUSSIAN_SOVIET_ISLAMIC_FEDERATIVE_REPUBLIC_DESC,Super_Event_Russian_Soviet_Islamic_Federative_Republic,,,,
19,Super_Event_Havana_Spring_Play,popup,GFX_Big_Havana_Spring,SUPER_EVENT_TITLE_HAVANA_SPRING,SUPER_EVENT_OPTION_HAVANA_SPRING,SUPER_EVENT_HAVANA_SPRING_DESC,Super_Event_Havana_Spring,,,,
20,Super_Event_Waco_Play,popup,GFX_Big_Waco,SUPER_EVENT_TITLE_WACO,SUPER_EVENT_OPTION_WACO,SUPER_EVENT_WACO_DESC,Super_Event_Waco,,,,
21,Super_Event_Russian_SFSR_Play,popup,GFX_Big_Russian_SFSR,SUPER_EVENT_TITLE_RUSSIAN_SFSR,SUPER_EVENT_OPTION_RUSSIAN_SFSR,SUPER_EVENT_RUSSIAN_SFSR_DESC,Super_Event_Russian_SFSR,,,,
22,Super_Event_Barkhasov_Nazi_Russia_Play,popup,GFX_Big_Barkhasov_Nazi_Russia,SUPER_EVENT_TITLE_BARKHASOV_NAZI_RUSSIA,SUPER_EVENT_OPTION_BARKHASOV_NAZI_RUSSIA,SUPER_EVENT_BARKHASOV_NAZI_RUSSIA_DESC,Super_Event_Barkhasov_Nazi_Russia,,,,
23,Super_Event_Holy_Russian_Empire_Play,popup,GFX_Big_Holy_Russian_Empire,SUPER_EVENT_TITLE_HOLY_RUSSIAN_EMPIRE,SUPER_EVENT_OPTION_HOLY_RUSSIAN_EMPIRE,SUPER_EVENT_HOLY_RUSSIAN_EMPIRE_DESC,Super_Event_Holy_Russian_Empire,,,,
24,Super_Event_Anpilov_USSR_Play,popup,GFX_Big_Anpilov_USSR,SUPER_EVENT_TITLE_ANPILOV_USSR,SUPER_EVENT_OPTION_ANPILOV_USSR,SUPER_EVENT_ANPIlOV_USSR_DESC,Super_Event_Anpilov_USSR,,,,
25,Super_Event_Russian_Federation_Play,popup,GFX_Big_Russian_Federation,SUPER_EVENT_TITLE_RUSSIAN_FEDERATION,SUPER_EVENT_OPTION_RUSSIAN_FEDERATION,SUPER_EVENT_RUSSIAN_FEDERATION_DESC,Super_Event_Russian_Federation,,,,
26,Super_Event_Anti_Imperialist_Pact_Play,popup,GFX_Big_Anti_Imperialist_Bloc,SUPER_EVENT_TITLE_ANTI_IMPERIALIST_PACT,SUPER_EVENT_OPTION_ANTI_IMPERIALIST_PACT,SUPER_EVENT_ANTI_IMPERIALIST_BLOC_DESC,Super_Event_Anti_Imperialist_Pact,,,,
27,Super_Event_Cuban_Civil_War_Play,popup,GFX_Big_Cuban_Civil_War,SUPER_EVENT_TITLE_CUBAN_CIVIL_WAR,SUPER_EVENT_OPTION_CUBAN_CIVIL_WAR,SUPER_EVENT_CUBAN_CIVIL_WAR_DESC,Super_Event_Cuban_Civil_War,,,,
28,Super_Event_Batista_Triumphant_Play,popup,GFX_Big_Batista_Triumphant,SUPER_EVENT_TITLE_BATISTA_TRIUMPHANT,SUPER_EVENT_OPTION_BATISTA_TRIUMPHANT,SUPER_EVENT_BATISTA_TRIUMPHANT_DESC,Super_Event_Batista_Triumphant,,,,
29,Super_Event_Batista_Steps_Down_Play,popup,GFX_Big_Batista_Steps_Down,SUPER_EVENT_TITLE_BATISTA_STEPS_DOWN,SUPER_EVENT_OPTION_BATISTA_STEPS_DOWN,SUPER_EVENT_BATISTA_STEPS_DOWN_DESC,Super_Event_Batista_Steps_Down,,,,
30,Super_Event_Bay_of_Pigs_Play,popup,GFX_Big_Bay_of_Pigs,SUPER_EVENT_TITLE_BAY_OF_PIGS,SUPER_EVENT_OPTION_BAY_OF_PIGS,SUPER_EVENT_BAY_OF_PIGS_VICTORY_DESC,Super_Event_Bay_of_Pigs,,,,
31,Super_Event_Operation_Juventud_Play,popup,GFX_Big_Operation_Juventud,SUPER_EVENT_TITLE_OPERATION_JUVENTUD,SUPER_EVENT_OPTION_OPERATION_JUVENTUD,SUPER_EVENT_OPERATION_JUVENTUD_DESC,Super_Event_Operation_Juventud,,,,
32,Super_Event_Bolivian_Revolution_Play,popup,GFX_Big_Bolivian_Revolution,SUPER_EVENT_TITLE_BOLIVIAN_REVOLUTION,SUPER_EVENT_OPTION_BOLIVIAN_REVOLUTION,SUPER_EVENT_BOLIVIAN_REVOLUTION_DESC,Super_Event_Bolivian_Revolution,,,,
33,Super_Event_Winter_of_1954_Play,popup,GFX_Super_Event_Winter_of_1954,SUPER_EVENT_TITLE_WINTER_OF_1954,SUPER_EVENT_OPTION_WINTER_OF_1954,SUPER_EVENT_WINTER_OF_1954_DESC,Super_Event_Winter_of_1954,,,,
34,black_october_super_event,popup,GFX_Big_Black_October,SUPER_EVENT_TITLE_BLACK_OCTOBER,SUPER_EVENT_OPTION_BLACK_OCTOBER,SUPER_EVENT_BLACK_OCTOBER_DESC,Super_Event_Black_October,,,,
35,prc_gpcr_super_event,popup,GFX_Big_GPCR,SUPER_EVENT_TITLE_CULTURAL_REVOLUTION,SUPER_EVENT_OPTION_CULTURAL_REVOLUTION,SUPER_EVENT_CULTURAL_REVOLUTION_DESC,Super_Event_Cultural_Revolution,,,,
36,burma_liberation_war_super_event,popup,GFX_Big_Burma_Liberation_War,SUPER_EVENT_TITLE_BURMA_LIBERATION_WAR,SUPER_EVENT_OPTION_BURMA_LIBERATION_WAR,SUPER_EVENT_BURMA_LIBERATION_WAR,Super_Event_Burma_Liberation_War,,,,
37,trump_88_elected_super_event,popup,GFX_Big_President_Trump,SUPER_EVENT_TITLE_PRESIDENT_TRUMP,SUPER_EVENT_OPTION_MULTI_HAIL_TO_THE_CHIEF,SUPER_EVENT_PRESIDENT_TRUMP_88_DESC,Super_Event_President_Trump,,,,
38,mgovern_1984_elected_super_event,popup,GFX_Big_President_McGovern_1984,SUPER_EVENT_TITLE_PRESIDENT_MCGOVERN_1984,SUPER_EVENT_OPTION_MULTI_HAIL_TO_THE_CHIEF,SUPER_EVENT_PRESIDENT_MCGOVERN_1984_DESC,Super_Event_President_McGovern_1984,,,,
39,robertson_elected_super_event,popup,GFX_Big_President_Robertson,SUPER_EVENT_TITLE_PRESIDENT_ROBERTSON,SUPER_EVENT_OPTION_MULTI_HAIL_TO_THE_CHIEF,SUPER_EVENT_PRESIDENT_ROBERTSON_DESC,Super_Event_President_Robertson,,,,
40,jesse_jackson_elected_super_event,popup,GFX_Big_President_Jesse_Jackson,SUPER_EVENT_TITLE_PRESIDENT_JESSE_JACKSON,SUPER_EVENT_OPTION_MULTI_HAIL_TO_THE_CHIEF,SUPER_EVENT_PRESIDENT_JESSE_JACKSON_DESC,Super_Event_President_Jesse_Jackson,,,,
41,ted_kennedy_elected_super_event,popup,GFX_Big_President_Ted_Kennedy,SUPER_EVENT_TITLE_PRESIDENT_TED_KENNEDY,SUPER_EVENT_OPTION_MULTI_HAIL_TO_THE_CHIEF,SUPER_EVENT_PRESIDENT_TED_KENNEDY_DESC,Super_Event_President_Ted_Kennedy,,,,
42,clinton_1984_elected_super_event,popup,GFX_Big_President_Early_Clinton,SUPER_EVENT_TITLE_PRESIDENT_EARLY_CLINTON,SUPER_EVENT_OPTION_MULTI_HAIL_TO_THE_CHIEF,SUPER_EVENT_PRESIDENT_CLINTON_84_DESC,Super_Event_Early_President_Clinton,,,,
43,bradley_elected_super_event,popup,GFX_Big_President_Bradley,SUPER_EVENT_TITLE_PRESIDENT_BRADLEY,SUPER_EVENT_OPTION_MULTI_HAIL_TO_THE_CHIEF,SUPER_EVENT_PRESIDENT_BRADLEY_DESC,Super_Event_President_Bradley,,,,
44,dukakis_elected_super_event,popup,GFX_Big_President_Dukakis,SUPER_EVENT_TITLE_PRESIDENT_DUKAKIS,SUPER_EVENT_OPTION_MULTI_HAIL_TO_THE_CHIEF,SUPER_EVENT_PRESIDENT_DUKAKIS_DESC,Super_Event_President_Dukakis,,,,
45,inoyue_elected_super_event,popup,GFX_Big_President_Inoyue,SUPER_EVENT_TITLE_PRESIDENT_INOYUE,SUPER_EVENT_OPTION_MULTI_HAIL_TO_THE_CHIEF,SUPER_EVENT_PRESIDENT_INOYUE_DESC,Super_Event_President_Inoyue,,,,
46,brooke_elected_super_event,popup,GFX_Big_President_Brooke,SUPER_EVENT_TITLE_PRESIDENT_BROOKE,SUPER_EVENT_OPTION_MULTI_HAIL_TO_THE_CHIEF,SUPER_EVENT_PRESIDENT_BROOKE_DESC,Super_Event_President_Brooke,,,,
47,rumsfeld_elected_super_event,popup,GFX_Big_President_Rumsfeld,SUPER_EVENT_TITLE_PRESIDENT_RUMSFELD,SUPER_EVENT_OPTION_MULTI_HAIL_TO_THE_CHIEF,SUPER_EVENT_PRESIDENT_RUMSFELD_DESC,Super_Event_President_Rumsfeld,,,,
48,glenn_elected_super_event,popup,GFX_Big_President_Glenn,SUPER_EVENT_TITLE_PRESIDENT_GLENN,SUPER_EVENT_OPTION_MULTI_HAIL_TO_THE_CHIEF,SUPER_EVENT_PRESIDENT_GLENN_DESC,Super_Event_President_Glenn,,,,
49,bush_sr_elected_super_event,popup,GFX_Big_President_Bush_Sr,SUPER_EVENT_TITLE_PRESIDENT_BUSH_SR,SUPER_EVENT_OPTION_MULTI_HAIL_TO_THE_CHIEF,SUPER_EVENT_PRESIDENT_BUSH_SR_DESC,Super_Event_President_Bush_Sr,,,,
50,hart_elected_super_event,popup,GFX_Big_President_Hart,SUPER_EVENT_TITLE_PRESIDENT_HART,SUPER_EVENT_OPTION_MULTI_HAIL_TO_THE_CHIEF,SUPER_EVENT_PRESIDENT_HART_DESC,Super_Event_President_Hart,,,,
51,anderson_independent_elected_super_event,popup,GFX_Big_President_Anderson_Independent,SUPER_EVENT_TITLE_PRESIDENT_ANDERSON_INDEPENDENT,SUPER_EVENT_OPTION_MULTI_HAIL_TO_THE_CHIEF,SUPER_EVENT_PRESIDENT_ANDERSON_INDEPENDENT_DESC,Super_Event_President_Anderson_Independent,,,,
52,anderson_gop_elected_super_event,popup,GFX_Big_President_Anderson_GOP,SUPER_EVENT_TITLE_PRESIDENT_ANDERSON_GOP,SUPER_EVENT_OPTION_MULTI_HAIL_TO_THE_CHIEF,SUPER_EVENT_PRESIDENT_ANDERSON_GOP_DESC,Super_Event_President_Anderson_GOP,,,,
53,gingrich_elected_super_event,popup,GFX_Big_President_Gingrich,SUPER_EVENT_TITLE_PRESIDENT_GINGRICH,SUPER_EVENT_OPTION_MULTI_HAIL_TO_THE_CHIEF,SUPER_EVENT_PRESIDENT_GINGRICH_DESC,Super_Event_President_Gingrich,,,,
54,pakistan_1971_victory_super_event,popup,GFX_Big_Pakistan_Victory_1971,SUPER_EVENT_TITLE_PAKISTAN_VICTORY_1971,SUPER_EVENT_OPTION_PAKISTAN_VICTORY_1971,SUPER_EVENT_PAKISTAN_1971_VICTORY_DESC,Super_Event_Pakistan_Victory_1971,,,,
55,bangladesh_liberation_super_event,popup,GFX_Big_Bangladesh_Victory,SUPER_EVENT_TITLE_BANGLADESH_LIBERATION_WAR,SUPER_EVENT_OPTION_BANGLADESH_LIBERATION_WAR,SUPER_EVENT_BANGLADESH_LIBERATION_DESC,Super_Event_Bangladesh_Liberation_War,,,,
56,mondale_elected_super_event,popup,GFX_Big_Mondale_Victory,SUPER_EVENT_TITLE_PRESIDENT_MONDALE,SUPER_EVENT_OPTION_MULTI_HAIL_TO_THE_CHIEF,SUPER_EVENT_PRESIDENT_MONDALE_DESC,Super_Event_President_Mondale,,,,
57,Super_Event_Smiling_Buddha,popup,GFX_Big_Smiling_Buddha,SUPER_EVENT_TITLE_SMILING_BUDDHA,SUPER_EVENT_OPTION_SMILING_BUDDHA,SUPER_EVENT_SMILING_BUDDHA_DESC,Super_Event_Smiling_Buddha,,,,
58,Super_Event_Chinese_Anarchy,popup,GFX_Big_Chinese_Anarchy,SUPER_EVENT_TITLE_CHINESE_ANARCHY,SUPER_EVENT_OPTION_CHINESE_ANARCHY,SUPER_EVENT_CHINESE_ANARCHY_DESC,Super_Event_Chinese_Anarchy,,,,
59,Super_Event_Project_National_Glory,popup,GFX_Big_Project_National_Glory,SUPER_EVENT_TITLE_PROJECT_NATIONAL_GLORY,SUPER_EVENT_OPTION_PROJECT_NATIONAL_GLORY,SUPER_EVENT_PROJECT_NATIONAL_GLORY_DESC,Super_Event_Project_National_Glory,,,,
60,Super_Event_India_Victory_1965,popup,GFX_Big_India_Victory_1965,SUPER_EVENT_TITLE_INDIA_VICTORY_1965,SUPER_EVENT_OPTION_INDIA_VICTORY_1965,SUPER_EVENT_INDIA_65_VICTORY_DESC,Super_Event_Indian_Victory_1965,,,,
61,Super_Event_Pakistan_Victory_1965,popup,GFX_Big_Pakistan_Victory_1965,SUPER_EVENT_TITLE_PAKISTAN_VICTORY_1965,SUPER_EVENT_OPTION_PAKISTAN_VICTORY_1965,SUPER_EVENT_PAKISTAN_65_VICTORY_DESC,Super_Event_Pakistani_Victory_1965,,,,
62,Super_Event_Indian_Victory_Sino_Indian_War,popup,GFX_Big_Indian_Victory_Sino_Indian_War,SUPER_EVENT_TITLE_SINO_INDIAN_WAR_INDIAN_VICTORY,SUPER_EVENT_OPTION_SINO_INDIAN_WAR_INDIAN_VICTORY,SUPER_EVENT_INDIA_62_VICTORY_DESC,Super_Event_Sino_indian_War_India_Victory,,,,
63,Super_Event_Chinese_Victory_Sino_Indian_War,popup,GFX_Big_Chinese_Victory_Sino_Indian_War,SUPER_EVENT_TITLE_SINO_INDIAN_WAR_CHINESE_VICTORY,SUPER_EVENT_OPTION_SINO_INDIAN_WAR_CHINESE_VICTORY,SUPER_EVENT_PRC_62_VICTORY_DESC,Super_Event_Sino_indian_War_Chinese_Victory,,,,
64,president_warren_super_event,popup,GFX_Big_President_Warren,SUPER_EVENT_TITLE_PRESIDENT_WARREN,SUPER_EVENT_OPTION_MULTI_HAIL_TO_THE_CHIEF,SUPER_EVENT_PRESIDENT_WARREN_DESC,Super_Event_President_Warren,,,,
65,president_stassen_super_event,popup,GFX_Big_President_Stassen,SUPER_EVENT_TITLE_PRESIDENT_STASSEN,SUPER_EVENT_OPTION_MULTI_HAIL_TO_THE_CHIEF,SUPER_EVENT_PRESIDENT_STASSEN_DESC,Super_Event_President_Stassen,,,,
66,president_dewey_super_event,popup,GFX_Big_President_Dewey,SUPER_EVENT_TITLE_PRESIDENT_DEWEY,SUPER_EVENT_OPTION_MULTI_HAIL_TO_THE_CHIEF,SUPER_EVENT_PRESIDENT_DEWEY_DESC,Super_Event_President_Dewey,,,,
67,president_martin_super_event,popup,GFX_Big_President_Martin,SUPER_EVENT_TITLE_PRESIDENT_MARTIN,SUPER_EVENT_OPTION_MULTI_HAIL_TO_THE_CHIEF,SUPER_EVENT_PRESIDENT_MARTIN_DESC,Super_Event_President_Martin,,,,
68,president_harriman_super_event,popup,GFX_Big_President_Harriman,SUPER_EVENT_TITLE_PRESIDENT_HARRIMAN,SUPER_EVENT_OPTION_MULTI_HAIL_TO_THE_CHIEF,SUPER_EVENT_PRESIDENT_HARRIMAN_DESC,Super_Event_President_Harriman,,,,
69,president_early_reagan_super_event,popup,GFX_Big_President_Reagan_Early,SUPER_EVENT_TITLE_EARLY_PRESIDENT_REAGAN,SUPER_EVENT_OPTION_MULTI_HAIL_TO_THE_CHIEF,SUPER_EVENT_PRESIDENT_EARLY_REAGAN_DESC,Super_Event_Early_President_Reagan,,,,
70,president_early_nixon_super_event,popup,GFX_Big_President_Early_Nixon,SUPER_EVENT_TITLE_EARLY_PRESIDENT_NIXON,SUPER_EVENT_OPTION_MULTI_HAIL_TO_THE_CHIEF,SUPER_EVENT_PRESIDENT_EARLY_NIXON_DESC,Super_Event_Early_President_Nixon,,,,
71,president_rockefeller_super_event,popup,GFX_Big_President_Rockefeller,SUPER_EVENT_TITLE_PRESIDENT_ROCKEFELLER,SUPER_EVENT_OPTION_MULTI_HAIL_TO_THE_CHIEF,SUPER_EVENT_PRESIDENT_ROCKEFELLER_DESC,Super_Event_President_Rockefeller,,,,
72,president_ford_super_event,popup,GFX_Big_President_Ford,SUPER_EVENT_TITLE_PRESIDENT_FORD,SUPER_EVENT_OPTION_MULTI_HAIL_TO_THE_CHIEF,SUPER_EVENT_FORD_PRESIDENCY_DESC,Super_Event_President_Ford,,,,
73,berlin_wall_super_Event,popup,GFX_Big_Berlin_Wall,SUPER_EVENT_TITLE_BERLIN_WALL,SUPER_EVENT_OPTION_BERLIN_WALL,SUPER_EVENT_BERLIN_WALL_DESC,Super_Event_Berlin_Wall,,,,
74,president_agnew_super_event,popup,GFX_Big_President_Agnew,SUPER_EVENT_TITLE_PRESIDENT_AGNEW,SUPER_EVENT_OPTION_MULTI_HAIL_TO_THE_CHIEF,SUPER_EVENT_PRESIDENT_AGNEW_DESC,Super_Event_President_Agnew,,,,
75,president_halleck_super_event,popup,GFX_Big_President_Halleck,SUPER_EVENT_TITLE_PRESIDENT_HALLECK,SUPER_EVENT_OPTION_MULTI_HAIL_TO_THE_CHIEF,SUPER_EVENT_PRESIDENT_HALLECK_DESC,Super_Event_President_Halleck,,,,
76,president_muskie_super_event,popup,GFX_Big_President_Muskie,SUPER_EVENT_TITLE_PRESIDENT_MUSKIE,SUPER_EVENT_OPTION_MULTI_HAIL_TO_THE_CHIEF,SUPER_EVENT_PRESIDENT_MUSKIE_DESC,Super_Event_President_Muskie,,,,
77,turkish_invasion_super_event,popup,GFX_Big_Soviet_Turkish_Invasion,SUPER_EVENT_TITLE_SOVIET_TURKISH_WAR,SUPER_EVENT_OPTION_SOVIET_TURKISH_WAR,SUPER_EVENT_TURKISH_INVASION_DESC,Super_Event_Soviet_Turkish_War,,,,
78,rfk_elected_super_event,popup,GFX_Big_RFK_Victory,SUPER_EVENT_TITLE_RFK,SUPER_EVENT_OPTION_RFK,SUPER_EVENT_RFK_PRESIDENCY_DESC,Super_Event_President_RFK,,,,
79,Super_Event_chernobyl_Play,popup,GFX_Big_chernobyl,SUPER_EVENT_TITLE_CHERNOBYL,SUPER_EVENT_OPTION_CHERNOBYL,Super_Event_chernobyl_desc,Super_Event_chernobyl,,,,
80,Super_Event_Shanghai_Defence_Play,popup,GFX_Big_shanghai,SUPER_EVENT_TITLE_SHANGHAI_DEFENCE,SUPER_EVENT_OPTION_SHANGHAI_DEFENCE,Super_Event_Shanghai_Defence_desc,Super_Event_Shanghai_Defence,,,,
81,Super_Event_Peaceful_reunification_Taiwan_Play,popup,GFX_Peaceful_reunification_Taiwan,SUPER_EVENT_TITLE_PEACEFUL_REUNIFICATION_TAIWAN,SUPER_EVENT_OPTION_PEACEFUL_REUNIFICATION_TAIWAN,SUPER_EVENT_PEACEFUL_REUNIFICAITON_DESC,Super_Event_Peaceful_reunification_Taiwan,,,,
82,Super_Event_Liberate_Taiwan_Play,popup,GFX_Big_taiwan,SUPER_EVENT_TITLE_LIBERATE_TAIWAN,SUPER_EVENT_OPTION_LIBERATE_TAIWAN,SUPER_EVENT_LIBERATE_TAIWAN_DESC,Super_Event_Liberate_Taiwan,,,,
84,last_war_super_event,popup,GFX_LastWar,SUPER_EVENT_TITLE_IMAGE_LASTWAR,SUPER_EVENT_OPTION_IMAGE_LASTWAR,Super_Event_Image_LastWar_DESC,Super_Event_The_Last_War,,,,
85,nixon_elected_super_event,popup,GFX_Big_Nixon_Elected,SUPER_EVENT_TITLE_NIXON_ELECTED,SUPER_EVENT_OPTION_NIXON_ELECTED,SUPER_EVENT_NIXON_VICTORY_DESC,Super_Event_Nixon_Presidency,,,,
86,mcgovern_elected_super_event,popup,GFX_Big_McGovern_Elected,SUPER_EVENT_TITLE_MCGOVERN_VICTORY,SUPER_EVENT_OPTION_MCGOVERN_VICTORY,SUPER_EVENT_MCGOVERN_DESC,Super_Event_McGovern_Presidency,,,,
87,mao_funeral_super_event,popup,GFX_Big_Mao_Funeral,SUPER_EVENT_TITLE_IMAGE_MAO_FUNERAL,SUPER_EVENT_OPTION_IMAGE_MAO_FUNERAL,SUPER_EVENT_MAO_DEATH_DESC,Mao_Funeral,,,,
88,july_14th_super_event,popup,GFX_Big_Iraqi_July_14th_Revolution,SUPER_EVENT_TITLE_IRAQ_JULY_14TH_REVOLUTION,SUPER_EVENT_OPTION_IRAQ_JULY_14TH_REVOLUTION,SUPER_EVENT_IRAQI_REVOLUTION_DESC,Super_Event_Iraq_July_14th_Revolution,,,,
89,goldwater_elected_super_event,popup,GFX_Big_Goldwater_Elected,SUPER_EVENT_TITLE_GOLDWATER_PRESIDENCY,SUPER_EVENT_OPTION_GOLDWATER_PRESIDENCY,Super_Event_Goldwater_Presidency_desc,Super_Event_Goldwater_Presidency,,,,
90,reagan_elected_super_event,popup,GFX_Big_Reagan_Victory,SUPER_EVENT_TITLE_REAGAN_PRESIDENCY,SUPER_EVENT_OPTION_REAGAN_PRESIDENCY,Super_Event_Reagan_Presidency_desc,Super_Event_Reagan_Presidency,,,,
91,humphrey_elected_super_event,popup,GFX_Big_Humphrey_Victory,SUPER_EVENT_TITLE_HUMPHREY_PRESIDENCY,SUPER_EVENT_OPTION_HUMPHREY_PRESIDENCY,Super_Event_Humphrey_Presidency_desc,Super_Event_Humphrey_Presidency,,,,
92,carter_elected_super_event,popup,GFX_Big_Carter_Victory,SUPER_EVENT_TITLE_CARTER_PRESIDENCY,SUPER_EVENT_OPTION_CARTER_PRESIDENCY,Super_Event_Carter_Presidency_desc,Super_Event_Carter_Presidency,,,,
93,brown_elected_super_event,popup,GFX_Big_Jerry_Brown_Victory,SUPER_EVENT_TITLE_PRESIDENT_JERRY_BROWN,SUPER_EVENT_OPTION_PRESIDENT_JERRY_BROWN,Super_Event_President_Jerry_Brown_desc,Super_Event_President_Jerry_Brown,,,,
94,lbj_elected_super_event,popup,GFX_Big_LBJ_Victory,SUPER_EVENT_TITLE_LBJ_PRESIDENCY,SUPER_EVENT_OPTION_LBJ_PRESIDENCY,Super_Event_LBJ_Presidency_desc,Super_Event_LBJ_Presidency,,,,
95,Super_Event_Biden_Victory_Play,popup,GFX_Big_Biden_1988,SUPER_EVENT_TITLE_BIDEN_VICTORY,SUPER_EVENT_OPTION_BIDEN_VICTORY,SUPER_EVENT_BIDEN_VICTORY_DESC,,,,,"ready, but nothing fires it yet"
96,eisenhower_elected_super_event,popup,GFX_Big_Eisenhower_Victory,SUPER_EVENT_TITLE_EISENHOWER_PRESIDENCY,SUPER_EVENT_OPTION_EISENHOWER_PRESIDENCY,Super_Event_Eisenhower_Presidency_desc,Super_Event_Eisenhower_Presidency,,,,
97,egyptian_revolution_super_event,popup,GFX_Big_Free_Officer_Revolution,SUPER_EVENT_TITLE_EGYPTIAN_REVOLUTION,SUPER_EVENT_OPTION_EGYPTIAN_REVOLUTION,SUPER_EVENT_EGYPTIAN_REVOLUTION_DESC,Super_Event_Egyptian_Revolution,,,,
98,faoruk_triumphant_super_event,popup,GFX_Big_Farouk_Triumphant,SUPER_EVENT_TITLE_FAROUK_TRIUMPHANT,SUPER_EVENT_OPTION_FAROUK_TRIUMPHANT,SUPER_EVENT_FAROUK_TRIUMPHANT_DESC,Super_Event_Farouk_Triumphant,,,,
99,president_jfk_super_event,popup,GFX_Big_JFK_Presidency,SUPER_EVENT_TITLE_PRESIDENT_JFK,SUPER_EVENT_OPTION_PRESIDENT_JFK,SUPER_EVENT_PRESIDENT_JFK_DESC,Super_Event_President_JFK,,,,
100,hungarian_revolution_super_event,popup,GFX_Big_Hungarian_Revolution_Successful,SUPER_EVENT_TITLE_HUNGARIAN_REVOLUTION_SUCCESSFUL,SUPER_EVENT_OPTION_HUNGARIAN_REVOLUTION_SUCCESSFUL,SUPER_EVENT_HUNGARIAN_REV_SUCCESS_DESC,Super_Event_Hungarian_Revolution_Successful,,,,
101,hungarian_tragedy_super_event,popup,GFX_Big_Hungarian_Revolution_Crushed,SUPER_EVENT_TITLE_HUNGARIAN_REVOLUTION_CRUSHED,SUPER_EVENT_OPTION_HUNGARIAN_REVOLUTION_CRUSHED,SUPER_EVENT_HUNGARIAN_REV_CRUSHED_DESC,Super_Event_Hungarian_Revolution_Crushed,,,,
102,soviet_moon_landing_super_event,popup,GFX_Big_Soviet_Moon_Landing,SUPER_EVENT_TITLE_SOVIET_MOON_LANDING,SUPER_EVENT_OPTION_SOVIET_MOON_LANDING,SUPER_EVENT_SOVIET_MOON_LANDING_DESC,Super_Event_Soviet_Moon_Landing,,,,
103,nixon_resignation_super_event,popup,GFX_Big_Nixon_Resignation,SUPER_EVENT_TITLE_NIXON_RESIGNATION,SUPER_EVENT_OPTION_NIXON_RESIGNATION,SUPER_EVENT_NIXON_RESIGNATION_DESC,Super_Event_Nixon_Resignation,,,,
104,sputnik_super_event,popup,GFX_Big_Sputnik,SUPER_EVENT_TITLE_SPUTNIK,SUPER_EVENT_OPTION_SPUTNIK,SUPER_EVENT_SPUTNIK_DESC,Super_Event_Sputnik,,,,
105,korean_war_super_event,popup,GFX_Big_Korean_War,SUPER_EVENT_TITLE_KOREAN_WAR,SUPER_EVENT_OPTION_KOREAN_WAR,SUPER_EVENT_KOREAN_WAR_DESC,Super_Event_Korean_War,,,,
106,korean_war_nuclear_super_event,popup,GFX_Big_Korean_War_Nuclear,SUPER_EVENT_TITLE_KOREAN_WAR_NUCLEAR,SUPER_EVENT_OPTION_KOREAN_WAR_NUCLEAR,SUPER_EVENT_KOREAN_WAR_NUCLEAR_DESC,Super_Event_Korean_War_Nuclear,,,,
107,korean_war_north_victory_super_event,popup,GFX_Big_Korean_War_KPA_Victory,SUPER_EVENT_TITLE_KOREAN_WAR_KPA_VICTORY,SUPER_EVENT_OPTION_KOREAN_WAR_KPA_VICTORY,SUPER_EVENT_KOREAN_WAR_KPA_VICTORY_DESC,Super_Event_Korean_War_KPA_Victory,,,,
108,East_German_Reunification,popup,GFX_Big_East_German_Reunification,SUPER_EVENT_TITLE_GERMAN_REUNIFICATION_DDR,SUPER_EVENT_OPTION_GERMAN_REUNIFICATION_DDR,SUPER_EVENT_GERMAN_REUNIFICATION_DDR_DESC,Super_Event_German_Reunification_DDR,,,,
109,american_moon_landing_super_event,popup,GFX_Big_USA_Moon_Landing,SUPER_EVENT_TITLE_AMERICAN_MOON_LANDING,SUPER_EVENT_OPTION_AMERICAN_MOON_LANDING,SUPER_EVENT_MOON_LANDING_DESC,Super_Event_American_Moon_Landing,,,,
110,death_of_stalin_super_event,popup,GFX_Big_Stalin_Death,SUPER_EVENT_TITLE_DEATH_OF_STALIN,SUPER_EVENT_OPTION_DEATH_OF_STALIN,SUPER_EVENT_STALIN_DEATH_DESC,Super_Event_Death_of_Stalin,,,,
111,gensec_khrushev_super_event,popup,GFX_Big_Gensec_Khrushev,SUPER_EVENT_TITLE_GENSEC_KHRUSHEV,SUPER_EVENT_OPTION_GENSEC_KHRUSHEV,SUPER_EVENT_GENSEC_KHRUSHEV_DESC,Super_Event_Gensec_Khrushev,,,,
112,gensec_brezhnev_super_event,popup,GFX_Big_Gensec_Brezhnev,SUPER_EVENT_TITLE_GENSEC_BREZHNEV,SUPER_EVENT_OPTION_GENSEC_BREZHNEV,SUPER_EVENT_GENSEC_BREZHNEV_DESC,Super_Event_Gensec_Brezhnev,,,,
114,APG_coup_super_event,popup,GFX_Big_APG_Coup_Succeed,SUPER_EVENT_TITLE_APG_COUP_SUCCEED,SUPER_EVENT_OPTION_APG_COUP_SUCCEED,SUPER_EVENT_APG_COUP_DESC,Super_Event_APG_Coup_Succeed,,,,
115,gensec_kaganovich_super_event,popup,GFX_Big_Gensec_Kaganovich,SUPER_EVENT_TITLE_GENSEC_KAGANOVICH,SUPER_EVENT_OPTION_GENSEC_KAGANOVICH,SUPER_EVENT_GENSEC_KAGANOVICH_DESC,Super_Event_Gensec_Kaganovich,,,,
116,president_russell_super_event,popup,GFX_Big_President_Russel,SUPER_EVENT_TITLE_PRESIDENT_RUSSELL,SUPER_EVENT_OPTION_PRESIDENT_RUSSELL,SUPER_EVENT_PRESIDENT_RUSSELL_DESC,Super_Event_President_Russell,,,,
117,president_wallace_super_event,popup,GFX_Big_President_Wallace,SUPER_EVENT_TITLE_PRESIDENT_WALLACE,SUPER_EVENT_OPTION_PRESIDENT_WALLACE,SUPER_EVENT_PRESIDENT_WALLACE_DESC,Super_Event_President_Wallace,,,,
118,president_macarthur_super_event,popup,GFX_Big_President_MacArthur,SUPER_EVENT_TITLE_PRESIDENT_MACARTHUR,SUPER_EVENT_OPTION_PRESIDENT_MACARTHUR,SUPER_EVENT_PRESIDENT_MACARTHUR_DESC,Super_Event_President_MacArthur,,,,
119,Super_Event_Castle_Bravo_Play,popup,GFX_Super_Event_Castle_Bravo,SUPER_EVENT_TITLE_CASTLE_BRAVO,SUPER_EVENT_OPTION_CASTLE_BRAVO,SUPER_EVENT_CASTLE_BRAVO_DESC,Super_Event_Castle_Bravo,,,,
120,jfk_assasination_super_event,popup,GFX_Big_JFK_Assasination,SUPER_EVENT_TITLE_JFK_ASSASINATION,SUPER_EVENT_OPTION_JFK_ASSASINATION,SUPER_EVENT_JFK_ASSASINATION_DESC,Super_Event_JFK_Assasination,,,,
121,tsar_bomba_super_event,popup,GFX_Big_Tsar_Bomba,SUPER_EVENT_TITLE_TSAR_BOMBA,SUPER_EVENT_OPTION_TSAR_BOMBA,SUPER_EVENT_TSAR_BOMBA_DESC,Super_Event_Tsar_Bomba,,,,
122,Super_Event_Nazi_WGR_Play,popup,GFX_Nazi_WGR,SUPER_EVENT_TITLE_NAZI_WGR,SUPER_EVENT_OPTION_NAZI_WGR,SUPER_EVENT_NAZI_WGR_DESC,Super_Event_Second_Nazi_War,,,,
123,rhodesia_udi_super_event,popup,GFX_Big_Rhodesian_UDI,SUPER_EVENT_TITLE_RHODESIAN_UDI,SUPER_EVENT_OPTION_RHODESIAN_UDI,SUPER_EVENT_RHODESIAN_UDI_DESC,Super_Event_Rhodesians_Never_Die,,,,
124,Sino_Soviet_War,popup,GFX_Big_Sino_Soviet_War,SUPER_EVENT_TITLE_SINO_SOVIET_WAR,SUPER_EVENT_OPTION_SINO_SOVIET_WAR,SUPER_EVENT_SINO_SOVIET_WAR_DESC,Super_Event_Sino_Soviet_War,,,,
125,vietnam_war_super_event,popup,GFX_Big_Vietnam_War,SUPER_EVENT_TITLE_VIETNAM_WAR,SUPER_EVENT_OPTION_VIETNAM_WAR,SUPER_EVENT_VIETNAM_WAR_DESC,Super_Event_Vietnam_War,,,,
126,soviet_afghan_war_super_event,popup,GFX_Big_Soviet_Afghan_War,SUPER_EVENT_TITLE_SOVIET_AFGHAN_WAR,SUPER_EVENT_OPTION_SOVIET_AFGHAN_WAR,SUPER_EVENT_SOVIET_AFGHAN_WAR_DESC,Super_Event_Soviet_Afghan_War,,,,
127,cmc_ww3_Super_Event,popup,GFX_Big_CMC_WW3,SUPER_EVENT_TITLE_CMC_WW3,SUPER_EVENT_OPTION_CMC_WW3,SUPER_EVENT_CMC_WW3_DESC,Super_Event_CMC_WW3,,title@SOV=SUPER_EVENT_TITLE_CMC_WW3_2; quote@FRA=SUPER_EVENT_CMC_WW3_FRA_DESC; quote@SOV=SUPER_EVENT_CMC_WW3_SOV_DESC; song@SOV=Super_Event_SOV_World_War_III; song@RUS=Super_Event_SOV_World_War_III; song@CZE=Super_Event_CZE_World_War_III; song@YUG=Super_Event_YUG_World_War_III; song@FRA=Super_Event_FRA_WW3,yes,
128,Super_Event_Asian_Liberation_War,popup,GFX_Big_Asian_Liberation_War,SUPER_EVENT_TITLE_ASIAN_LIBERATION_WAR,SUPER_EVENT_OPTION_ASIAN_LIBERATION_WAR,SUPER_EVENT_ASIAN_LIBERATION_WAR_DESC,Super_Event_Asian_Liberation_War,,,,
129,vietnam_withdrawal_super_event,popup,GFX_Big_Vietnam_Withdrawl,SUPER_EVENT_TITLE_VIETNAM_WITHDRAWAL,SUPER_EVENT_OPTION_VIETNAM_WITHDRAWAL,SUPER_EVENT_VIETNAM_WITHDRAWL_DESC,Super_Event_Vietnam_Withdrawal,,,,
130,year_zero_super_event,popup,GFX_Big_Year_Zero,SUPER_EVENT_TITLE_YEAR_ZERO,SUPER_EVENT_OPTION_YEAR_ZERO,SUPER_EVENT_YEAR_ZERO_DESC,Super_Event_Holiday_in_Cambodia,,,,
131,simba_revolt_super_event,popup,GFX_Big_Simba_Rebellion,SUPER_EVENT_TITLE_SIMBA_REBELLION,SUPER_EVENT_OPTION_SIMBA_REBELLION,SUPER_EVENT_SIMBA_REBELLION_DESC,Super_Event_Simba_Rebellion,,,,
133,Super_Event_Angola_e_Nossa_Play,popup,GFX_Big_Portuguese_Colonial_Wars,SUPER_EVENT_TITLE_PORTUGUESE_COLONIAL_WAR,SUPER_EVENT_OPTION_PORTUGUESE_COLONIAL_WAR,SUPER_EVENT_Portuguese_COLONIAL_WAR_DESC,Super_Event_Angola_e_Nossa,,,,
134,cuban_revolution_super_event,popup,GFX_Big_Cuban_Revolution,SUPER_EVENT_TITLE_CUBAN_REVOLUTION,SUPER_EVENT_OPTION_CUBAN_REVOLUTION,SUPER_EVENT_CUBAN_REVOLUTION_DESC,Super_Event_Cuban_Revolution,,,,
135,angolan_civil_war_super_event,popup,GFX_Big_Angolan_Civil_War,SUPER_EVENT_TITLE_ANGOLAN_CIVIL_WAR,SUPER_EVENT_OPTION_ANGOLAN_CIVIL_WAR,SUPER_EVENT_ANGOLAN_CIVIL_WAR_DESC,Super_Event_Angolan_Civil_War,,,,
136,congo_crisis_super_event,popup,GFX_Big_Congo_Crisis,SUPER_EVENT_TITLE_CONGO_CRISIS,SUPER_EVENT_OPTION_CONGO_CRISIS,SUPER_EVENT_CONGO_CRISIS_DESC,Super_Event_Congo_Crisis,,,,
137,stevenson_elected_super_event,popup,GFX_Big_Stevenson_52,SUPER_EVENT_TITLE_STEVENSON_52,SUPER_EVENT_OPTION_STEVENSON_52,SUPER_EVENT_STEVENSON_52_DESC,Super_Event_Stevenson_52,,,,
138,kefauver_elected_super_event,popup,GFX_Big_kefauver_52,SUPER_EVENT_TITLE_KEFAUVER_52,SUPER_EVENT_OPTION_KEFAUVER_52,SUPER_EVENT_KEFVAUER_52_DESC,Super_Event_Kefauver_Elected,,,,
139,Super_Event_Hashemite_Twilight_Play,popup,GFX_Big_Hashemite_Twilight,SUPER_EVENT_TITLE_HASHEMITE_TWILIGHT,SUPER_EVENT_OPTION_HASHEMITE_TWILIGHT,SUPER_EVENT_HASHEMITE_TWILIGHT_DESC,Super_Event_Hashemite_Twilight,,,,
140,first_mafia_war_super_event,popup,GFX_Big_First_Mafia_War,SUPER_EVENT_TITLE_FIRST_MAFIA_WAR,SUPER_EVENT_OPTION_FIRST_MAFIA_WAR,SUPER_EVENT_FIRST_MAFIA_WAR_DESC,Super_Event_First_Mafia_War,,,,
141,woodstock_super_event,popup,GFX_Big_Woodstock,SUPER_EVENT_TITLE_WOODSTOCK,SUPER_EVENT_OPTION_WOODSTOCK,SUPER_EVENT_WOODSTOCK_DESC,Super_Event_Woodstock,,,,
142,ford_assasination_super_event,popup,GFX_Big_Ford_Assasination,SUPER_EVENT_TITLE_FORD_ASSASINATION,SUPER_EVENT_OPTION_FORD_ASSASINATION,SUPER_EVENT_FORD_ASSASINATION_DESC,Super_Event_Ford_Assasination,,,,
143,president_landgrebe_super_event,popup,GFX_Big_President_Landgrebe,SUPER_EVENT_TITLE_PRESIDENT_LANDGREBE,SUPER_EVENT_OPTION_PRESIDENT_LANDGREBE,SUPER_EVENT_PRESIDENT_LANDGREBE_DESC,Super_Event_President_Landgrebe,,,,
144,president_mcdonald_super_event,popup,GFX_Big_President_McDonald,SUPER_EVENT_TITLE_PRESIDENT_MCDONALD,SUPER_EVENT_OPTION_PRESIDENT_MCDONALD,SUPER_EVENT_PRESIDENT_MCDONALD_DESC,Super_Event_President_McDonald,,,,
145,second_russian_civil_war_super_event,popup,GFX_Big_Second_Russian_Civil_War,SUPER_EVENT_TITLE_SECOND_RUSSIAN_CIVIL_WAR,SUPER_EVENT_OPTION_SECOND_RUSSIAN_CIVIL_WAR,SUPER_EVENT_SECOND_RUSSIAN_CIVIL_WAR_DESC,Super_Event_Second_Russian_Civil_War,,,,
146,khasbulatov_presidency_super_event,popup,GFX_Big_Khasbulatov_Presidency,SUPER_EVENT_TITLE_KHASBULATOV_PRESIDENCY,SUPER_EVENT_OPTION_KHASBULATOV_PRESIDENCY,SUPER_EVENT_KHASBULATOV_PRESIDENCY_DESC,Super_Event_Khasbulatov_Presidency,,,,
147,pcf_france_super_event,popup,GFX_PCF_France,SUPER_EVENT_TITLE_PCF_FRANCE,SUPER_EVENT_OPTION_PCF_FRANCE,SUPER_EVENT_PCF_FRANCE_DESC,Super_Event_PCF_France,,,,
148,maoist_france_super_event,popup,GFX_Maoist_France,SUPER_EVENT_TITLE_MAOIST_FRANCE,SUPER_EVENT_OPTION_MAOIST_FRANCE,SUPER_EVENT_MAOIST_FRANCE_DESC,Super_Event_Maoist_France,,,,
149,Super_Event_April_Revolution_Play,popup,GFX_April_Revolution,SUPER_EVENT_TITLE_APRIL_REVOLUTION,SUPER_EVENT_OPTION_APRIL_REVOLUTION,Super_Event_April_Revolution_DESC,Super_Event_April_Revolution,,,,
150,Super_Event_May_16th_Military_Coup_Play,popup,GFX_May_16th_Military_Coup,SUPER_EVENT_TITLE_MAY_16TH_MILITARY_COUP,SUPER_EVENT_OPTION_MAY_16TH_MILITARY_COUP,Super_Event_May_16th_Military_Coup_DESC,Super_Event_May_16th_Military_Coup,,,,
151,Super_Event_May_16th_Military_Revolution_Play,popup,GFX_May_16th_Military_Revolution,SUPER_EVENT_TITLE_MAY_16TH_MILITARY_REVOLUTION,SUPER_EVENT_OPTION_MAY_16TH_MILITARY_REVOLUTION,Super_Event_May_16th_Military_Revolution_DESC,Super_Event_May_16th_Military_Revolution,,,,
152,Super_Event_Park_Assasination_Play,popup,GFX_Park_Assasination,SUPER_EVENT_TITLE_PARK_ASSASINATION,SUPER_EVENT_OPTION_PARK_ASSASINATION,Super_Event_Park_Assasination_DESC,Super_Event_Park_Assasination,,,,
153,Super_Event_Pablo_Elect_Play,popup,GFX_Pablo_Elect,SUPER_EVENT_TITLE_PABLO_ELECT,SUPER_EVENT_OPTION_PABLO_ELECT,Super_Event_Pablo_Elect_DESC,Super_Event_Pablo_Elect,,,,
154,Super_Event_Pablo_Wins_DrugWar_Play,popup,GFX_Pablo_Wins_DrugWar,SUPER_EVENT_TITLE_PABLO_WINS_DRUGWAR,SUPER_EVENT_OPTION_PABLO_WINS_DRUGWAR,Super_Event_Pablo_Wins_DrugWar_DESC,Super_Event_Pablo_Wins_DrugWar,,,,
155,Super_Event_President_Omar_Dhani_Play,popup,GFX_President_Omar_Dhani,SUPER_EVENT_TITLE_PRESIDENT_OMAR_DHANI,SUPER_EVENT_OPTION_PRESIDENT_OMAR_DHANI,Super_Event_President_Omar_Dhani_desc,Super_Event_Omar_Dhani_Presidency,,,,
156,Super_Event_Liberian_Civil_War_Play,popup,GFX_Super_Event_Liberian_Civil_War,SUPER_EVENT_TITLE_LIBERIAN_CIVIL_WAR,SUPER_EVENT_OPTION_LIBERIAN_CIVIL_WAR,Super_Event_Liberian_Civil_War_desc,Super_Event_Liberian_Civil_War,,,,
157,Super_Event_Fall_of_China_Play,popup,GFX_Big_America_Soviet_Victory,SUPER_EVENT_TITLE_FALL_OF_CHINA,SUPER_EVENT_OPTION_FALL_OF_CHINA,SUPER_EVENT_AMERICAN_SOVIET_VICTORY_DESC,Super_Event_Fall_of_China,,quote@USA=SUPER_EVENT_AMERICAN_SOVIET_VICTORY_DESC_A,,
158,Super_Event_Japans_Independence,popup,GFX_Super_Event_Japans_Independence,SUPER_EVENT_TITLE_JAPANS_INDEPENDENCE,SUPER_EVENT_OPTION_JAPANS_INDEPENDENCE,Super_Event_Japans_Independence_quotes,Super_Event_Japans_Independence,,,,
161,zhukov_coup_super_event,popup,GFX_Big_Zhukov_Coup_Succeed,SUPER_EVENT_TITLE_ZHUKOV_COUP,SUPER_EVENT_OPTION_ZHUKOV_COUP,SUPER_EVENT_ZHUKOV_COUP_DESC,Super_Event_Zhukov_Coup_Succeed,,,,
162,red_finland_super_event,popup,GFX_Big_Red_Finland,SUPER_EVENT_TITLE_RED_FINLAND,SUPER_EVENT_OPTION_RED_FINLAND,Super_Event_Red_Finland_desc,Super_Event_Soviet_Turkish_War,,,,
173,samson_option_super_event,popup,GFX_Big_Samson_Option,SUPER_EVENT_TITLE_SAMSON_OPTION,SUPER_EVENT_OPTION_SAMSON_OPTION,SUPER_EVENT_SAMSON_OPTION_DESC,Super_Event_Samson_Option,,,,
174,second_russian_civil_war_american_intervention_super_event,popup,GFX_Big_American_Intervention_RCW,SUPER_EVENT_TITLE_AMERICAN_INTERVENTION_RCW,,SUPER_EVENT_AMERICAN_INTERVENTION_RCW_DESC,Super_Event_American_Intervention_RCW,,,,"placeholder text, needs writing"
175,gorbachev_1996_victory_super_event,popup,GFX_Big_Gorbachev_1996,SUPER_EVENT_TITLE_GORBACHEV_1996,,SUPER_EVENT_GORBACHEV_1996_DESC,Super_Event_Gorbachev_1997,,,,"placeholder title, needs writing"
176,russian_smo_kazakhistan_super_event,popup,GFX_Big_Russian_SMO_Kazakhistan,SUPER_EVENT_TITLE_RUSSIAN_SMO_KAZAKHSTAN,,SUPER_EVENT_RUSSIAN_SMO_KAZAKHSTAN_DESC,Super_Event_SMO_Kazakhistan,,,,"placeholder text, needs writing"
177,russian_smo_ukraine_super_event,popup,GFX_Big_Russian_SMO_Ukraine,SUPER_EVENT_TITLE_RUSSIAN_SMO_UKRAINE,,SUPER_EVENT_RUSSIAN_SMO_UKRAINE_DESC,Super_Event_SMO_Ukraine,,,,"placeholder text, needs writing"
178,zyuganov_1996_victory_super_event,popup,GFX_Big_Zyuganov_1996,SUPER_EVENT_TITLE_ZYUGANOV_1996,,SUPER_EVENT_ZYUGANOV_1996_DESC,Super_Event_Zyuganov_1997,,,,"placeholder title, needs writing"
179,KOR_Big_Event_Syngman_Rhee_Steps_Down_Effect,korea,GFX_KOR_Big_Event_Syngman_Rhee_Steps_Down,SUPER_EVENT_TITLE_KOR_RHEE_STEPS_DOWN,,KOR_Big_Event_Syngman_Rhee_Steps_Down_Quote,kor_rhee_down,,,,
180,KOR_Big_Event_Assasination_of_Syngman_Rhee_Effect,korea,GFX_KOR_Big_Event_Assasination_of_Syngman_Rhee,SUPER_EVENT_TITLE_KOR_RHEE_ASSASSINATED,,KOR_Big_Event_Assasination_of_Syngman_Rhee_Quote,kor_rhee_dead,,,,
181,KOR_Big_Event_Operation_Everready_Effect,korea,GFX_KOR_Big_Event_Operation_Everready,SUPER_EVENT_TITLE_KOR_OPERATION_EVERREADY,,KOR_Big_Event_Operation_Everready_Quote,kor_everready,,,,
182,KOR_Big_Event_KPG_Triumphant_Effect,korea,GFX_KOR_Big_Event_KPG_Triumphant,SUPER_EVENT_TITLE_KOR_KPG_TRIUMPHANT,,KOR_Big_Event_KPG_Triumphant_Quote,kor_kpg_triumph,,,,
183,KOR_Big_Event_Jokcheong_Triumphant_Effect,korea,GFX_KOR_Big_Event_Jokcheong_Triumphant,SUPER_EVENT_TITLE_KOR_JOKCHEONG_TRIUMPHANT,,KOR_Big_Event_Jokcheong_Triumphant_Quote,kor_jok_triumph,,,,
184,KOR_Big_Event_Syngman_Rhee_Triumphant_Effect,korea,GFX_KOR_Big_Event_Syngman_Rhee_Triumphant,SUPER_EVENT_TITLE_KOR_RHEE_TRIUMPHANT,,KOR_Big_Event_Syngman_Rhee_Triumphant_Quote,kor_rhee_triumph,,,,
185,KOR_Big_Event_Overthrow_of_Kim_Family_Effect,korea,GFX_KOR_Big_Event_Overthrow_of_Kim_Family,SUPER_EVENT_TITLE_KOR_KIM_OVERTHROWN,,KOR_Big_Event_Overthrow_of_Kim_Family_Quote,kor_kim_over,,,,
186,JAP_Big_Event_Hatoyama_Effect,japan,GFX_JAP_Big_Event_Hatoyama,SUPER_EVENT_TITLE_JAP_HATOYAMA,,JAP_Big_Event_Hatoyama_Quote,,jap_clapping,,,
187,JAP_Big_Event_LDP_Formation_Effect,japan,GFX_JAP_Big_Event_LDP_Formation,SUPER_EVENT_TITLE_JAP_LDP_FORMATION,,JAP_Big_Event_LDP_Formation_Quote,,jap_ldp_anthem,,,
188,JAP_Big_Event_Independence_Effect,japan,GFX_JAP_Big_Event_Independence,SUPER_EVENT_TITLE_JAP_INDEPENDENCE,,JAP_Big_Event_Independence_Quote,,jap_kimigayo,,,effect was commented out; no fire site yet
