variable,flag_name,map_color
ReligionChristianityCatholic,Catholic,204 180 60
ReligionChristianityProtestant,Protestant,60 90 170
ReligionChristianityOrthodox,Orthodox,140 80 150
ReligionChristianityOriental,Oriental,170 100 130
ReligionJudaism,Judaism,110 150 200
ReligionIslamSunni,IslamSunni,60 130 60
ReligionIslamShia,IslamShia,35 95 50
ReligionIslamIbadi,IslamIbadi,120 160 90
ReligionBuddhismVajrayana,BuddhismVajrayana,170 70 50
ReligionBuddhismMahayana,BuddhismMahayana,195 150 70
ReligionBuddhismThereveda,BuddhismThereveda,225 130 45
ReligionShinto,Shinto,180 40 50
ReligionTraditionalEastern,TraditionalEastern,170 150 90
ReligionConfucian,Confucian,150 100 60
ReligionHindu,Hindu,40 150 150
ReligionSikh,Sikh,190 95 30
ReligionNavayana,Navayana,100 170 190
ReligionTraditionalIranian,TraditionalIranian,200 90 60
ReligionIrreligious,Irreligious,150 150 150
ReligionAtheist,Atheist,100 100 100
ReligionZionistChristian,ZionistChristian,90 120 160
ReligionStatist,Statist,120 50 70
ReligionCultistSafe,CultistSafe,130 140 120
ReligionCultistFatal,CultistFatal,90 90 70
ReligionTraditionalAfrican,TraditionalAfrican,150 120 70
ReligionTraditionalAmerican,TraditionalAmerican,170 110 80
ReligionTraditionalOceanic,TraditionalOceanic,90 150 140
ReligionChineseSalvationist,ChineseSalvationist,180 90 90
ReligionMessianic,Messianic,190 130 170
ReligionOther,Other,120 130 140
