key,name,cat,cat_snake,Cat,tier,cut_event,price_key
cg_basic_t0,cg_basic_t0,basic,basic,Basic,0,trade.40,cg_basic_t0
cg_basic_t1,cg_basic_t1,basic,basic,Basic,1,trade.20,cg_basic_t1
cg_basic_t2,cg_basic_t2,basic,basic,Basic,2,trade.21,cg_basic_t2
cg_basic_t3,cg_basic_t3,basic,basic,Basic,3,trade.22,cg_basic_t3
cg_basic_t4,cg_basic_t4,basic,basic,Basic,4,trade.23,cg_basic_t4
cg_basic_t5,cg_basic_t5,basic,basic,Basic,5,trade.24,cg_basic_t5
cg_durable_t0,cg_durable_t0,durable,durable,Durable,0,trade.41,cg_durable_t0
cg_durable_t1,cg_durable_t1,durable,durable,Durable,1,trade.25,cg_durable_t1
cg_durable_t2,cg_durable_t2,durable,durable,Durable,2,trade.26,cg_durable_t2
cg_durable_t3,cg_durable_t3,durable,durable,Durable,3,trade.27,cg_durable_t3
cg_durable_t4,cg_durable_t4,durable,durable,Durable,4,trade.28,cg_durable_t4
cg_durable_t5,cg_durable_t5,durable,durable,Durable,5,trade.29,cg_durable_t5
cg_vehicles_t0,cg_vehicles_t0,vehicles,vehicles,Vehicles,0,trade.42,cg_vehicles_t0
cg_vehicles_t1,cg_vehicles_t1,vehicles,vehicles,Vehicles,1,trade.30,cg_vehicles_t1
cg_vehicles_t2,cg_vehicles_t2,vehicles,vehicles,Vehicles,2,trade.31,cg_vehicles_t2
cg_vehicles_t3,cg_vehicles_t3,vehicles,vehicles,Vehicles,3,trade.32,cg_vehicles_t3
cg_vehicles_t4,cg_vehicles_t4,vehicles,vehicles,Vehicles,4,trade.33,cg_vehicles_t4
cg_vehicles_t5,cg_vehicles_t5,vehicles,vehicles,Vehicles,5,trade.34,cg_vehicles_t5
cg_consumer_electronics_t1,cg_electronics_t1,electronics,consumer_electronics,Electronics,1,trade.35,cg_electronics_t1
cg_consumer_electronics_t2,cg_electronics_t2,electronics,consumer_electronics,Electronics,2,trade.36,cg_electronics_t2
cg_consumer_electronics_t3,cg_electronics_t3,electronics,consumer_electronics,Electronics,3,trade.37,cg_electronics_t3
cg_consumer_electronics_t4,cg_electronics_t4,electronics,consumer_electronics,Electronics,4,trade.38,cg_electronics_t4
cg_consumer_electronics_t5,cg_electronics_t5,electronics,consumer_electronics,Electronics,5,trade.39,cg_electronics_t5
