tag,year,ahdi
AFG,1950,0.050042875
AFG,1955,0.05348668
AFG,1960,0.058653668
AFG,1965,0.068906926
AFG,1970,0.08117029
AFG,1975,0.074788675
AFG,1980,0.07656577
AFG,1985,0.08730503
AFG,1990,0.09245061
AFG,1995,0.079802945
AFG,2000,0.08246316
ALG,1950,0.10519681
ALG,1955,0.10996123
ALG,1960,0.09314837
ALG,1965,0.11800134
ALG,1970,0.1270099
ALG,1975,0.14428
ALG,1980,0.18218003
ALG,1985,0.21066093
ALG,1990,0.24758464
ALG,1995,0.24591163
ALG,2000,0.28462866
ARG,1950,0.2767622
ARG,1955,0.2722782
ARG,1960,0.3344311
ARG,1965,0.33807117
ARG,1970,0.2536249
ARG,1975,0.36530712
ARG,1980,0.23649506
ARG,1985,0.46000478
ARG,1990,0.45509735
ARG,1995,0.4806474
ARG,2000,0.49682707
AST,1950,0.50385654
AST,1955,0.52304304
AST,1960,0.53925294
AST,1965,0.5463984
AST,1970,0.5682952
AST,1975,0.60786086
AST,1980,0.6455919
AST,1985,0.67236197
AST,1990,0.708155
AST,1995,0.7332402
AST,2000,0.7583498
BEL,1950,0.40251288
BEL,1955,0.42703006
BEL,1960,0.45760787
BEL,1965,0.47655648
BEL,1970,0.49384055
BEL,1975,0.51312834
BEL,1980,0.5446048
BEL,1985,0.5635787
BEL,1990,0.59804577
BEL,1995,0.6203529
BEL,2000,0.64577866
BRA,1950,0.18481569
BRA,1955,0.20006557
BRA,1960,0.21587564
BRA,1965,0.16291764
BRA,1970,0.17965542
BRA,1975,0.19015634
BRA,1980,0.23425713
BRA,1985,0.29662567
BRA,1990,0.40866768
BRA,1995,0.43408754
BRA,2000,0.4555776
CAN,1950,0.47724548
CAN,1955,0.49479708
CAN,1960,0.5130223
CAN,1965,0.5322664
CAN,1970,0.54910505
CAN,1975,0.5791802
CAN,1980,0.61298335
CAN,1985,0.6329863
CAN,1990,0.67267966
CAN,1995,0.69566447
CAN,2000,0.72557175
CHL,1950,0.26837856
CHL,1955,0.2762172
CHL,1960,0.3104946
CHL,1965,0.33441716
CHL,1970,0.35831535
CHL,1975,0.19821008
CHL,1980,0.2294752
CHL,1985,0.24755274
CHL,1990,0.48661086
CHL,1995,0.5563624
CHL,2000,0.59292305
PRC,1950,0.06843963
PRC,1955,0.08428407
PRC,1960,0.07661323
PRC,1965,0.10657482
PRC,1970,0.11931801
PRC,1975,0.12907958
PRC,1980,0.16733165
PRC,1985,0.1797034
PRC,1990,0.18538375
PRC,1995,0.20760648
PRC,2000,0.22351769
COL,1950,0.14357398
COL,1955,0.17598489
COL,1960,0.23088989
COL,1965,0.24221487
COL,1970,0.25428593
COL,1975,0.28207082
COL,1980,0.290663
COL,1985,0.3200902
COL,1990,0.335076
COL,1995,0.3800139
COL,2000,0.39317587
CUB,1950,0.24699019
CUB,1955,0.20585983
CUB,1960,0.16174082
CUB,1965,0.15988776
CUB,1970,0.17010033
CUB,1975,0.17998925
CUB,1980,0.21556914
CUB,1985,0.22993712
CUB,1990,0.23880547
CUB,1995,0.25017568
CUB,2000,0.27043247
CZE,1950,0.19783416
CZE,1955,0.20190464
CZE,1960,0.23769714
CZE,1965,0.25308874
CZE,1970,0.25031126
CZE,1975,0.25543958
CZE,1980,0.27779895
CZE,1985,0.28413168
CZE,1990,0.51686424
CZE,1995,0.5754407
CZE,2000,0.5941184
DEN,1950,0.48527658
DEN,1955,0.5095909
DEN,1960,0.53421175
DEN,1965,0.551484
DEN,1970,0.5789333
DEN,1975,0.5999754
DEN,1980,0.61745983
DEN,1985,0.63417536
DEN,1990,0.6470341
DEN,1995,0.6654059
DEN,2000,0.6923899
EGY,1950,0.13019146
EGY,1955,0.11313225
EGY,1960,0.1252837
EGY,1965,0.13753234
EGY,1970,0.14464921
EGY,1975,0.16145454
EGY,1980,0.17957342
EGY,1985,0.2256532
EGY,1990,0.2448598
EGY,1995,0.26275733
EGY,2000,0.28327653
ETH,1950,0.032866474
ETH,1955,0.03785694
ETH,1960,0.042886455
ETH,1965,0.049099647
ETH,1970,0.05413229
ETH,1975,0.047280412
ETH,1980,0.053794764
ETH,1985,0.057180658
ETH,1990,0.07327527
ETH,1995,0.10538938
ETH,2000,0.11593177
FIN,1950,0.39461133
FIN,1955,0.42249712
FIN,1960,0.44777846
FIN,1965,0.45987695
FIN,1970,0.48094192
FIN,1975,0.51387805
FIN,1980,0.55322015
FIN,1985,0.5832792
FIN,1990,0.60952204
FIN,1995,0.6395111
FIN,2000,0.6708083
FRA,1950,0.43478286
FRA,1955,0.4486106
FRA,1960,0.4712469
FRA,1965,0.46871492
FRA,1970,0.55122906
FRA,1975,0.579931
FRA,1980,0.605722
FRA,1985,0.6280732
FRA,1990,0.6508671
FRA,1995,0.6686529
FRA,2000,0.69209325
WGR,1950,0.46082896
WGR,1955,0.4938883
WGR,1960,0.5192052
WGR,1965,0.55403644
WGR,1970,0.5782502
WGR,1975,0.6075649
WGR,1980,0.6452689
WGR,1985,0.6729425
WGR,1990,0.69752985
WGR,1995,0.71970713
WGR,2000,0.73080254
GRE,1950,0.26849827
GRE,1955,0.30278358
GRE,1960,0.32343695
GRE,1965,0.350716
GRE,1970,0.2529486
GRE,1975,0.4600546
GRE,1980,0.49927452
GRE,1985,0.5241417
GRE,1990,0.55347675
GRE,1995,0.57916355
GRE,2000,0.6048204
HUN,1950,0.20427585
HUN,1955,0.2273609
HUN,1960,0.24073906
HUN,1965,0.2633048
HUN,1970,0.27578825
HUN,1975,0.28626177
HUN,1980,0.29620537
HUN,1985,0.30654487
HUN,1990,0.5010957
HUN,1995,0.52156997
HUN,2000,0.55136305
RAJ,1950,0.12122088
RAJ,1955,0.15070686
RAJ,1960,0.16486585
RAJ,1965,0.17371303
RAJ,1970,0.19155592
RAJ,1975,0.18143265
RAJ,1980,0.22579947
RAJ,1985,0.2418916
RAJ,1990,0.2617421
RAJ,1995,0.28652987
RAJ,2000,0.31296283
INS,1950,0.10628076
INS,1955,0.12051818
INS,1960,0.11289188
INS,1965,0.12036966
INS,1970,0.1253389
INS,1975,0.14174032
INS,1980,0.14900696
INS,1985,0.15803373
INS,1990,0.1736476
INS,1995,0.18245925
INS,2000,0.34170926
PER,1950,0.094632484
PER,1955,0.08711254
PER,1960,0.09451583
PER,1965,0.113438696
PER,1970,0.13133593
PER,1975,0.14844958
PER,1980,0.16622731
PER,1985,0.18588917
PER,1990,0.21146148
PER,1995,0.23987474
PER,2000,0.27856156
IRQ,1950,0.09224343
IRQ,1955,0.11115499
IRQ,1960,0.102727525
IRQ,1965,0.109876
IRQ,1970,0.12441049
IRQ,1975,0.14542817
IRQ,1980,0.15996675
IRQ,1985,0.18154086
IRQ,1990,0.1766415
IRQ,1995,0.17748494
IRQ,2000,0.19811809
IRE,1950,0.40299404
IRE,1955,0.4239366
IRE,1960,0.44518787
IRE,1965,0.4633817
IRE,1970,0.47954714
IRE,1975,0.49833596
IRE,1980,0.5110022
IRE,1985,0.5315342
IRE,1990,0.55965126
IRE,1995,0.58195215
IRE,2000,0.6155785
ISR,1950,0.37869492
ISR,1955,0.3934283
ISR,1960,0.41354436
ISR,1965,0.43617684
ISR,1970,0.46677878
ISR,1975,0.5014961
ISR,1980,0.53176767
ISR,1985,0.54784924
ISR,1990,0.57645947
ISR,1995,0.5930118
ISR,2000,0.6167458
ITA,1950,0.34156173
ITA,1955,0.36555123
ITA,1960,0.39045632
ITA,1965,0.41363168
ITA,1970,0.4442388
ITA,1975,0.46949846
ITA,1980,0.5058289
ITA,1985,0.5368893
ITA,1990,0.5705806
ITA,1995,0.6010666
ITA,2000,0.6386393
JAP,1950,0.30436617
JAP,1955,0.41621852
JAP,1960,0.46009457
JAP,1965,0.4946595
JAP,1970,0.54678535
JAP,1975,0.5764051
JAP,1980,0.6115357
JAP,1985,0.6492127
JAP,1990,0.6774869
JAP,1995,0.70965236
JAP,2000,0.74591446
KEN,1950,0.081975
KEN,1955,0.09087871
KEN,1960,0.10687038
KEN,1965,0.14052011
KEN,1970,0.14762121
KEN,1975,0.15963474
KEN,1980,0.1791786
KEN,1985,0.1846559
KEN,1990,0.20299636
KEN,1995,0.22670034
KEN,2000,0.23861782
MAL,1950,0.13588473
MAL,1955,0.16139388
MAL,1960,0.18161385
MAL,1965,0.20246418
MAL,1970,0.20304152
MAL,1975,0.2483243
MAL,1980,0.27968374
MAL,1985,0.2968395
MAL,1990,0.30989277
MAL,1995,0.33868048
MAL,2000,0.3529466
MEX,1950,0.15042853
MEX,1955,0.17197394
MEX,1960,0.18408874
MEX,1965,0.19817846
MEX,1970,0.21501087
MEX,1975,0.23108062
MEX,1980,0.25931463
MEX,1985,0.28402013
MEX,1990,0.31961265
MEX,1995,0.36919528
MEX,2000,0.43450096
MOR,1950,0.06788983
MOR,1955,0.07434414
MOR,1960,0.08914187
MOR,1965,0.114857554
MOR,1970,0.121098295
MOR,1975,0.12654951
MOR,1980,0.16018789
MOR,1985,0.17882715
MOR,1990,0.19989559
MOR,1995,0.22293776
MOR,2000,0.24833986
BRM,1950,0.10548819
BRM,1955,0.13976285
BRM,1960,0.15298796
BRM,1965,0.082422376
BRM,1970,0.087858416
BRM,1975,0.102540776
BRM,1980,0.12227467
BRM,1985,0.13183782
BRM,1990,0.11790496
BRM,1995,0.11963026
BRM,2000,0.12880953
HOL,1950,0.45505702
HOL,1955,0.47330922
HOL,1960,0.49813694
HOL,1965,0.51557326
HOL,1970,0.5439925
HOL,1975,0.5663752
HOL,1980,0.5955375
HOL,1985,0.61240417
HOL,1990,0.62973595
HOL,1995,0.64866745
HOL,2000,0.667619
NZL,1950,0.48429722
NZL,1955,0.49552247
NZL,1960,0.5095762
NZL,1965,0.51536846
NZL,1970,0.5373027
NZL,1975,0.5697554
NZL,1980,0.574854
NZL,1985,0.59962213
NZL,1990,0.6186276
NZL,1995,0.6520514
NZL,2000,0.6981879
NGA,1950,0.07029839
NGA,1955,0.09069755
NGA,1960,0.11228859
NGA,1965,0.11894632
NGA,1970,0.1050185
NGA,1975,0.11341523
NGA,1980,0.14887619
NGA,1985,0.12474432
NGA,1990,0.13891608
NGA,1995,0.14269549
NGA,2000,0.2095013
NOR,1950,0.4624589
NOR,1955,0.49351016
NOR,1960,0.52111
NOR,1965,0.5473016
NOR,1970,0.5704258
NOR,1975,0.60063475
NOR,1980,0.63522637
NOR,1985,0.65481997
NOR,1990,0.68096673
NOR,1995,0.70806384
NOR,2000,0.7281206
PAK,1950,0.10558431
PAK,1955,0.109938614
PAK,1960,0.10052135
PAK,1965,0.122390434
PAK,1970,0.1209676
PAK,1975,0.14701301
PAK,1980,0.13399613
PAK,1985,0.1644776
PAK,1990,0.20768085
PAK,1995,0.21890438
PAK,2000,0.19351402
PHI,1950,0.17683475
PHI,1955,0.20803943
PHI,1960,0.21899962
PHI,1965,0.23074496
PHI,1970,0.23755857
PHI,1975,0.15966566
PHI,1980,0.1911584
PHI,1985,0.20029432
PHI,1990,0.34932747
PHI,1995,0.364563
PHI,2000,0.38445407
POL,1950,0.18409145
POL,1955,0.20219336
POL,1960,0.23389247
POL,1965,0.2490272
POL,1970,0.2608211
POL,1975,0.2820876
POL,1980,0.29165673
POL,1985,0.29517028
POL,1990,0.41284612
POL,1995,0.49194157
POL,2000,0.5266362
POR,1950,0.15159206
POR,1955,0.16446726
POR,1960,0.17797463
POR,1965,0.19236417
POR,1970,0.21120659
POR,1975,0.29554716
POR,1980,0.43702012
POR,1985,0.45201063
POR,1990,0.47477922
POR,1995,0.50196445
POR,2000,0.53351814
ROM,1950,0.15052222
ROM,1955,0.16727005
ROM,1960,0.17972481
ROM,1965,0.20189457
ROM,1970,0.20789535
ROM,1975,0.2199621
ROM,1980,0.22571
ROM,1985,0.23196794
ROM,1990,0.36009592
ROM,1995,0.41108873
ROM,2000,0.43488842
SAU,1950,0.10371477
SAU,1955,0.11420397
SAU,1960,0.12037857
SAU,1965,0.13591622
SAU,1970,0.14487694
SAU,1975,0.15989438
SAU,1980,0.17629385
SAU,1985,0.18925986
SAU,1990,0.20504302
SAU,1995,0.21813975
SAU,2000,0.23072772
SAF,1950,0.15234716
SAF,1955,0.1659519
SAF,1960,0.17243819
SAF,1965,0.18080896
SAF,1970,0.19276677
SAF,1975,0.19943555
SAF,1980,0.20588762
SAF,1985,0.21705711
SAF,1990,0.25109625
SAF,1995,0.37756205
SAF,2000,0.3798355
KOR,1950,0.15787251
KOR,1955,0.186196
KOR,1960,0.20421052
KOR,1965,0.21676861
KOR,1970,0.24449728
KOR,1975,0.2513344
KOR,1980,0.2786728
KOR,1985,0.33159256
KOR,1990,0.5072402
KOR,1995,0.57637376
KOR,2000,0.6564476
SPR,1950,0.18292491
SPR,1955,0.20047554
SPR,1960,0.21529406
SPR,1965,0.23145777
SPR,1970,0.24953347
SPR,1975,0.26718724
SPR,1980,0.50761133
SPR,1985,0.5316167
SPR,1990,0.5594493
SPR,1995,0.5855651
SPR,2000,0.6189043
SWE,1950,0.46199375
SWE,1955,0.4838036
SWE,1960,0.5072615
SWE,1965,0.53233
SWE,1970,0.55908906
SWE,1975,0.6070759
SWE,1980,0.63476425
SWE,1985,0.6598219
SWE,1990,0.68626773
SWE,1995,0.6893858
SWE,2000,0.70637333
SWI,1950,0.4733076
SWI,1955,0.49019814
SWI,1960,0.51065105
SWI,1965,0.537397
SWI,1970,0.5598834
SWI,1975,0.6346198
SWI,1980,0.66501606
SWI,1985,0.6914648
SWI,1990,0.714529
SWI,1995,0.72534025
SWI,2000,0.7419688
CHI,1950,0.13099486
CHI,1955,0.15329944
CHI,1960,0.1658467
CHI,1965,0.18272394
CHI,1970,0.20700936
CHI,1975,0.23166491
CHI,1980,0.26203412
CHI,1985,0.29291686
CHI,1990,0.37963808
CHI,1995,0.42501056
CHI,2000,0.5572865
SIA,1950,0.12170889
SIA,1955,0.13657585
SIA,1960,0.13949569
SIA,1965,0.14740822
SIA,1970,0.17773075
SIA,1975,0.21862274
SIA,1980,0.241931
SIA,1985,0.28712478
SIA,1990,0.339569
SIA,1995,0.37879494
SIA,2000,0.40746686
TUR,1950,0.13674985
TUR,1955,0.15929845
TUR,1960,0.15662853
TUR,1965,0.20372945
TUR,1970,0.24672568
TUR,1975,0.27093938
TUR,1980,0.24682269
TUR,1985,0.2864869
TUR,1990,0.3304421
TUR,1995,0.35203505
TUR,2000,0.38980585
ENG,1950,0.45226917
ENG,1955,0.47774133
ENG,1960,0.49867386
ENG,1965,0.5258608
ENG,1970,0.5460567
ENG,1975,0.5724088
ENG,1980,0.5979795
ENG,1985,0.62254906
ENG,1990,0.6532978
ENG,1995,0.67952746
ENG,2000,0.72398216
USA,1950,0.46226025
USA,1955,0.4832529
USA,1960,0.5005671
USA,1965,0.5266263
USA,1970,0.5521597
USA,1975,0.5991718
USA,1980,0.63473517
USA,1985,0.66169757
USA,1990,0.69176096
USA,1995,0.7115461
USA,2000,0.72423756
VEN,1950,0.14518291
VEN,1955,0.1546243
VEN,1960,0.30300802
VEN,1965,0.32342485
VEN,1970,0.35942024
VEN,1975,0.38439146
VEN,1980,0.3997438
VEN,1985,0.39774808
VEN,1990,0.4072511
VEN,1995,0.42470816
VEN,2000,0.3712857
