tag,year,gdp_per_capita
AFG,1950,1156
AFG,1951,1170
AFG,1952,1189
AFG,1953,1240
AFG,1954,1245
AFG,1955,1246
AFG,1956,1278
AFG,1957,1253
AFG,1958,1298
AFG,1959,1307
AFG,1960,1326
AFG,1961,1309
AFG,1962,1302
AFG,1963,1298
AFG,1964,1291
AFG,1965,1290
AFG,1966,1272
AFG,1967,1277
AFG,1968,1290
AFG,1969,1278
AFG,1970,1272
AFG,1971,1237
AFG,1972,1007
AFG,1973,1011
AFG,1974,1039
AFG,1975,1074
AFG,1976,1105
AFG,1977,1022
AFG,1978,1070
AFG,1979,1023
AFG,1980,1019
AFG,1981,1144
AFG,1982,1270
AFG,1983,1347
AFG,1984,1337
AFG,1985,1304
AFG,1986,1344
AFG,1987,1211
AFG,1988,1101
AFG,1989,999
AFG,1990,963
AFG,1991,881.1704
AFG,1992,843.87537
AFG,1993,578.4028
AFG,1994,428.42456
AFG,1995,632.94037
AFG,1996,600.1753
AFG,1997,570.59814
AFG,1998,545.03876
AFG,1999,518.65784
AFG,2000,502.37274
ALG,1950,2176
ALG,1951,2147
ALG,1952,2193
ALG,1953,2182
ALG,1954,2291
ALG,1955,2303
ALG,1956,2475
ALG,1957,2699
ALG,1958,2740
ALG,1959,3178
ALG,1960,3328
ALG,1961,2868
ALG,1962,2284
ALG,1963,2818
ALG,1964,2879
ALG,1965,2981
ALG,1966,2750
ALG,1967,2907
ALG,1968,3151
ALG,1969,3355
ALG,1970,3585
ALG,1971,3188
ALG,1972,3746
ALG,1973,3757
ALG,1974,3870
ALG,1975,4020
ALG,1976,4157
ALG,1977,4398
ALG,1978,4812
ALG,1979,5088
ALG,1980,5024
ALG,1981,4991
ALG,1982,5145
ALG,1983,5243
ALG,1984,5361
ALG,1985,5469
ALG,1986,5262
ALG,1987,5088
ALG,1988,4850
ALG,1989,4889
ALG,1990,4697
ALG,1991,4708.232
ALG,1992,4850.223
ALG,1993,4816.924
ALG,1994,4856.9854
ALG,1995,5142.384
ALG,1996,5451.6343
ALG,1997,5638.48
ALG,1998,6069.7773
ALG,1999,6421.5083
ALG,2000,6834.5537
ARG,1945,6943
ARG,1946,7436
ARG,1947,8112
ARG,1948,8372
ARG,1949,8045
ARG,1950,7949
ARG,1951,8086
ARG,1952,7519
ARG,1953,7769
ARG,1954,7938
ARG,1955,8348
ARG,1956,8424
ARG,1957,8705
ARG,1958,9083
ARG,1959,8354
ARG,1960,8861
ARG,1961,9344
ARG,1962,9049
ARG,1963,8695
ARG,1964,9446
ARG,1965,10155
ARG,1966,10076
ARG,1967,10200
ARG,1968,10485
ARG,1969,11217
ARG,1970,11639
ARG,1971,12003
ARG,1972,12170
ARG,1973,12691
ARG,1974,13284
ARG,1975,12946
ARG,1976,12696
ARG,1977,13236
ARG,1978,12444
ARG,1979,13114
ARG,1980,13080
ARG,1981,12125
ARG,1982,11550
ARG,1983,11775
ARG,1984,11837
ARG,1985,10895
ARG,1986,11515
ARG,1987,11633
ARG,1988,11244
ARG,1989,10393
ARG,1990,10254
ARG,1991,11223.984
ARG,1992,12267.084
ARG,1993,12926.795
ARG,1994,13571.38
ARG,1995,13086.036
ARG,1996,13715.227
ARG,1997,14722.6455
ARG,1998,15185.959
ARG,1999,14577.832
ARG,2000,14368.942
AST,1945,11026
AST,1946,10512
AST,1947,10622
AST,1948,11105
AST,1949,11536
AST,1950,11815
AST,1951,11966
AST,1952,11824
AST,1953,11963
AST,1954,12419
AST,1955,12795
AST,1956,12924
AST,1957,12895
AST,1958,13238
AST,1959,13753
AST,1960,14013
AST,1961,13793
AST,1962,14389
AST,1963,14983
AST,1964,15699
AST,1965,16182
AST,1966,16324
AST,1967,17108
AST,1968,17770
AST,1969,18428
AST,1970,19166
AST,1971,19590
AST,1972,19772
AST,1973,20527
AST,1974,20698
AST,1975,20993
AST,1976,21613
AST,1977,21592
AST,1978,21948
AST,1979,22826
AST,1980,22972
AST,1981,23368
AST,1982,22972
AST,1983,22697
AST,1984,24009
AST,1985,24927
AST,1986,25116
AST,1987,25971
AST,1988,26702
AST,1989,27407
AST,1990,27373
AST,1991,26861.275
AST,1992,27560.178
AST,1993,28622.477
AST,1994,29844.172
AST,1995,30690.062
AST,1996,31740.47
AST,1997,32857.992
AST,1998,34337.14
AST,1999,35551.02
AST,2000,36603.047
BEL,1945,6907
BEL,1946,7291
BEL,1947,7651
BEL,1948,8008
BEL,1949,8278
BEL,1950,8706
BEL,1951,9161
BEL,1952,9035
BEL,1953,9274
BEL,1954,9610
BEL,1955,10010
BEL,1956,10237
BEL,1957,10353
BEL,1958,10268
BEL,1959,10533
BEL,1960,11081
BEL,1961,11561
BEL,1962,12087
BEL,1963,12532
BEL,1964,13295
BEL,1965,13643
BEL,1966,13989
BEL,1967,14461
BEL,1968,15009
BEL,1969,15969
BEL,1970,16914
BEL,1971,17486
BEL,1972,18336
BEL,1973,19399
BEL,1974,20153
BEL,1975,19831
BEL,1976,20916
BEL,1977,21025
BEL,1978,21605
BEL,1979,22094
BEL,1980,23060
BEL,1981,22760
BEL,1982,23071
BEL,1983,23071
BEL,1984,23644
BEL,1985,23873
BEL,1986,24221
BEL,1987,24772
BEL,1988,25905
BEL,1989,26690
BEL,1990,27412
BEL,1991,27848.305
BEL,1992,28199.574
BEL,1993,27857.25
BEL,1994,28706.5
BEL,1995,29370.088
BEL,1996,29820.299
BEL,1997,30894.283
BEL,1998,31480.744
BEL,1999,32571.674
BEL,2000,33719.77
BRA,1945,1792
BRA,1946,1934
BRA,1947,1956
BRA,1948,2096
BRA,1949,2204
BRA,1950,2236
BRA,1951,2279
BRA,1952,2377
BRA,1953,2418
BRA,1954,2531
BRA,1955,2675
BRA,1956,2672
BRA,1957,2793
BRA,1958,3005
BRA,1959,3201
BRA,1960,3398
BRA,1961,3585
BRA,1962,3711
BRA,1963,3623
BRA,1964,3637
BRA,1965,3617
BRA,1966,3747
BRA,1967,3795
BRA,1968,4050
BRA,1969,4313
BRA,1970,4635
BRA,1971,5024
BRA,1972,5480
BRA,1973,6086
BRA,1974,6416
BRA,1975,6582
BRA,1976,7079
BRA,1977,7248
BRA,1978,7425
BRA,1979,7736
BRA,1980,8249
BRA,1981,7709
BRA,1982,7587
BRA,1983,7203
BRA,1984,7438
BRA,1985,7862
BRA,1986,8281
BRA,1987,8402
BRA,1988,8230
BRA,1989,8333
BRA,1990,7842
BRA,1991,7888.0483
BRA,1992,7812.7944
BRA,1993,8166.2354
BRA,1994,8615.688
BRA,1995,8951.694
BRA,1996,9124.516
BRA,1997,9409.946
BRA,1998,9419.107
BRA,1999,9441.759
BRA,2000,9834.425
CAN,1945,11370
CAN,1946,11048
CAN,1947,11298
CAN,1948,11261
CAN,1949,11260
CAN,1950,11622
CAN,1951,12007
CAN,1952,12486
CAN,1953,12726
CAN,1954,12272
CAN,1955,13072
CAN,1956,13791
CAN,1957,13719
CAN,1958,13603
CAN,1959,13829
CAN,1960,13952
CAN,1961,14080
CAN,1962,14787
CAN,1963,15248
CAN,1964,15938
CAN,1965,16694
CAN,1966,17448
CAN,1967,17658
CAN,1968,18297
CAN,1969,18988
CAN,1970,19207
CAN,1971,20024
CAN,1972,20837
CAN,1973,22058
CAN,1974,22643
CAN,1975,22819
CAN,1976,23754
CAN,1977,24265
CAN,1978,24994
CAN,1979,25775
CAN,1980,25784
CAN,1981,26256
CAN,1982,25151
CAN,1983,25625
CAN,1984,26836
CAN,1985,28025
CAN,1986,28472
CAN,1987,29246
CAN,1988,30275
CAN,1989,30458
CAN,1990,30082
CAN,1991,29151.697
CAN,1992,29141.191
CAN,1993,29657.574
CAN,1994,30745.822
CAN,1995,31330.72
CAN,1996,31594.242
CAN,1997,32709.691
CAN,1998,33785.746
CAN,1999,35345.723
CAN,2000,36942.562
CHL,1945,5553
CHL,1946,5918
CHL,1947,5187
CHL,1948,5939
CHL,1949,5710
CHL,1950,5880
CHL,1951,6001
CHL,1952,6252
CHL,1953,6582
CHL,1954,6237
CHL,1955,6341
CHL,1956,6285
CHL,1957,6758
CHL,1958,6958
CHL,1959,6409
CHL,1960,6781
CHL,1961,6923
CHL,1962,7071
CHL,1963,7336
CHL,1964,7320
CHL,1965,7208
CHL,1966,7844
CHL,1967,7933
CHL,1968,8053
CHL,1969,8187
CHL,1970,8195
CHL,1971,8773
CHL,1972,8520
CHL,1973,7911
CHL,1974,7857
CHL,1975,6731
CHL,1976,6868
CHL,1977,7438
CHL,1978,7936
CHL,1979,8475
CHL,1980,9024
CHL,1981,9427
CHL,1982,8016
CHL,1983,7667
CHL,1984,7992
CHL,1985,8024
CHL,1986,8325
CHL,1987,8721
CHL,1988,9199
CHL,1989,10005
CHL,1990,10203
CHL,1991,10746.491
CHL,1992,11773.301
CHL,1993,12296.926
CHL,1994,12692.551
CHL,1995,13715.933
CHL,1996,14433.319
CHL,1997,15079.831
CHL,1998,15259.541
CHL,1999,14846.418
CHL,2000,15211.623
PRC,1950,799
PRC,1951,950
PRC,1952,1047
PRC,1953,1157
PRC,1954,1049
PRC,1955,1119
PRC,1956,1189
PRC,1957,1195
PRC,1958,1173
PRC,1959,1117
PRC,1960,1057
PRC,1961,874
PRC,1962,926
PRC,1963,1034
PRC,1964,1152
PRC,1965,1253
PRC,1966,1261
PRC,1967,1237
PRC,1968,1178
PRC,1969,1264
PRC,1970,1398
PRC,1971,1446
PRC,1972,1431
PRC,1973,1513
PRC,1974,1519
PRC,1975,1594
PRC,1976,1519
PRC,1977,1583
PRC,1978,1744
PRC,1979,1859
PRC,1980,1930
PRC,1981,1962
PRC,1982,2128
PRC,1983,2227
PRC,1984,2444
PRC,1985,2619
PRC,1986,2748
PRC,1987,2931
PRC,1988,3045
PRC,1989,3022
PRC,1990,2982
PRC,1991,3051.3152
PRC,1992,3227.7441
PRC,1993,3506.48
PRC,1994,3730.164
PRC,1995,3999.7292
PRC,1996,4219.644
PRC,1997,4310.828
PRC,1998,4309.847
PRC,1999,4466.7363
PRC,2000,4730.3545
COL,1945,3027
COL,1946,3215
COL,1947,3255
COL,1948,3268
COL,1949,3359
COL,1950,3432
COL,1951,3427
COL,1952,3529
COL,1953,3629
COL,1954,3759
COL,1955,3783
COL,1956,3811
COL,1957,3826
COL,1958,3798
COL,1959,3942
COL,1960,3980
COL,1961,4049
COL,1962,4135
COL,1963,4140
COL,1964,4264
COL,1965,4286
COL,1966,4383
COL,1967,4438
COL,1968,4581
COL,1969,4744
COL,1970,4932
COL,1971,5091
COL,1972,5348
COL,1973,5577
COL,1974,5767
COL,1975,5772
COL,1976,5918
COL,1977,6046
COL,1978,6443
COL,1979,6658
COL,1980,6786
COL,1981,6782
COL,1982,6698
COL,1983,6655
COL,1984,6741
COL,1985,6809
COL,1986,7071
COL,1987,7296
COL,1988,7442
COL,1989,7533
COL,1990,7693
COL,1991,7713.022
COL,1992,7888.1055
COL,1993,8180.8706
COL,1994,8447.857
COL,1995,8735.884
COL,1996,8770.583
COL,1997,8952.473
COL,1998,8863.262
COL,1999,8382.14
COL,2000,8496.792
CUB,1945,2275
CUB,1946,2405
CUB,1947,2560
CUB,1948,2507
CUB,1949,2482
CUB,1950,2638
CUB,1951,2664
CUB,1952,2844
CUB,1953,2611
CUB,1954,2611
CUB,1955,2638
CUB,1956,2740
CUB,1957,2922
CUB,1958,2922
CUB,1959,3006
CUB,1960,2994
CUB,1961,3068
CUB,1962,2974
CUB,1963,2958
CUB,1964,3158
CUB,1965,3088
CUB,1966,3185
CUB,1967,3489
CUB,1968,3229
CUB,1969,3137
CUB,1970,2976
CUB,1971,3161
CUB,1972,3253
CUB,1973,3486
CUB,1974,3609
CUB,1975,3733
CUB,1976,3786
CUB,1977,3913
CUB,1978,4114
CUB,1979,4183
CUB,1980,4106
CUB,1981,4420
CUB,1982,4487
CUB,1983,4705
CUB,1984,5051
CUB,1985,5120
CUB,1986,5075
CUB,1987,4887
CUB,1988,4994
CUB,1989,4991
CUB,1990,4713
CUB,1991,3982.2656
CUB,1992,3399.9648
CUB,1993,2657.466
CUB,1994,2683.0984
CUB,1995,2860.7573
CUB,1996,3249.6353
CUB,1997,3425.5618
CUB,1998,3415.5452
CUB,1999,3623.5955
CUB,2000,4009.3398
CZE,1970,8748
CZE,1971,9177
CZE,1972,9626
CZE,1973,10026
CZE,1974,10444
CZE,1975,10954
CZE,1976,11317
CZE,1977,11634
CZE,1978,12055
CZE,1979,12164
CZE,1980,12336
CZE,1981,12306
CZE,1982,12109
CZE,1983,12301
CZE,1984,12573
CZE,1985,12855
CZE,1986,13211
CZE,1987,13514
CZE,1988,13791
CZE,1989,14027
CZE,1990,14178
CZE,1991,12724.541
CZE,1992,12810.432
CZE,1993,12974.197
CZE,1994,13517.582
CZE,1995,14550.1045
CZE,1996,15386.32
CZE,1997,15494.317
CZE,1998,15657.426
CZE,1999,16102.508
CZE,2000,17056.16
DEN,1945,8075
DEN,1946,9208
DEN,1947,9620
DEN,1948,9776
DEN,1949,10351
DEN,1950,11067
DEN,1951,11056
DEN,1952,11086
DEN,1953,11623
DEN,1954,11749
DEN,1955,11788
DEN,1956,11858
DEN,1957,12696
DEN,1958,12903
DEN,1959,13767
DEN,1960,14046
DEN,1961,14843
DEN,1962,15537
DEN,1963,15513
DEN,1964,16832
DEN,1965,17459
DEN,1966,17789
DEN,1967,18230
DEN,1968,18868
DEN,1969,19974
DEN,1970,20221
DEN,1971,20617
DEN,1972,21579
DEN,1973,22228
DEN,1974,21919
DEN,1975,21712
DEN,1976,23059
DEN,1977,23360
DEN,1978,23632
DEN,1979,24409
DEN,1980,24272
DEN,1981,24063
DEN,1982,24807
DEN,1983,25450
DEN,1984,26581
DEN,1985,27710
DEN,1986,28681
DEN,1987,28728
DEN,1988,29049
DEN,1989,29108
DEN,1990,29412
DEN,1991,29915.447
DEN,1992,30573.574
DEN,1993,30649.537
DEN,1994,32359.297
DEN,1995,33356.14
DEN,1996,34325.44
DEN,1997,35499.062
DEN,1998,36361.23
DEN,1999,37523.426
DEN,2000,39021.176
EGY,1950,1450.9724
EGY,1951,1443
EGY,1952,1435
EGY,1953,1425
EGY,1954,1417
EGY,1955,1411
EGY,1956,1443
EGY,1957,1474
EGY,1958,1510
EGY,1959,1545
EGY,1960,1580
EGY,1961,1643
EGY,1962,1712
EGY,1963,1785
EGY,1964,1859
EGY,1965,1934
EGY,1966,1900
EGY,1967,1835
EGY,1968,1827
EGY,1969,1914
EGY,1970,1999
EGY,1971,2045
EGY,1972,2047
EGY,1973,2063
EGY,1974,2099
EGY,1975,2265
EGY,1976,2560
EGY,1977,2817
EGY,1978,2939
EGY,1979,3076
EGY,1980,3298
EGY,1981,3309
EGY,1982,3543
EGY,1983,3701
EGY,1984,3810
EGY,1985,3939
EGY,1986,3921
EGY,1987,3929
EGY,1988,4001
EGY,1989,4030
EGY,1990,4022
EGY,1991,4180.133
EGY,1992,4338.9536
EGY,1993,4542.6323
EGY,1994,4746.5884
EGY,1995,5001.067
EGY,1996,5293.1006
EGY,1997,5594.597
EGY,1998,5884.802
EGY,1999,6211.0156
EGY,2000,6593.5317
ETH,1950,622
ETH,1951,630
ETH,1952,636
ETH,1953,662
ETH,1954,650
ETH,1955,673
ETH,1956,682
ETH,1957,665
ETH,1958,674
ETH,1959,681
ETH,1960,701
ETH,1961,722
ETH,1962,736
ETH,1963,818
ETH,1964,840
ETH,1965,872
ETH,1966,888
ETH,1967,907
ETH,1968,902
ETH,1969,917
ETH,1970,948
ETH,1971,968
ETH,1972,995
ETH,1973,1004
ETH,1974,993
ETH,1975,972
ETH,1976,974
ETH,1977,977
ETH,1978,952
ETH,1979,999
ETH,1980,1033
ETH,1981,1009
ETH,1982,980
ETH,1983,999
ETH,1984,956
ETH,1985,880
ETH,1986,920
ETH,1987,980
ETH,1988,969
ETH,1989,956
ETH,1990,915
ETH,1991,810.7901
ETH,1992,708.3693
ETH,1993,699.22723
ETH,1994,731.7509
ETH,1995,744.1418
ETH,1996,782.99414
ETH,1997,815.14545
ETH,1998,786.279
ETH,1999,761.90326
ETH,2000,771.7315
FIN,1945,5499
FIN,1946,5871
FIN,1947,5925
FIN,1948,6307
FIN,1949,6604
FIN,1950,6779
FIN,1951,7286
FIN,1952,7450
FIN,1953,7415
FIN,1954,7973
FIN,1955,8284
FIN,1956,8440
FIN,1957,8751
FIN,1958,8725
FIN,1959,9172
FIN,1960,9931
FIN,1961,10613
FIN,1962,10869
FIN,1963,11148
FIN,1964,11647
FIN,1965,12226
FIN,1966,12471
FIN,1967,12667
FIN,1968,12900
FIN,1969,14151
FIN,1970,15266
FIN,1971,15565
FIN,1972,16654
FIN,1973,17669
FIN,1974,18109
FIN,1975,18237
FIN,1976,18104
FIN,1977,18100
FIN,1978,18425
FIN,1979,19657
FIN,1980,20640
FIN,1981,20935
FIN,1982,21495
FIN,1983,21944
FIN,1984,22486
FIN,1985,23148
FIN,1986,23621
FIN,1987,24519
FIN,1988,25644
FIN,1989,27012
FIN,1990,26884
FIN,1991,25174.898
FIN,1992,24219.76
FIN,1993,23943.744
FIN,1994,24797.66
FIN,1995,25761.625
FIN,1996,26637.266
FIN,1997,28239.875
FIN,1998,29715.342
FIN,1999,30986.889
FIN,2000,32689.77
FRA,1945,4101
FRA,1946,6145
FRA,1947,6596
FRA,1948,7002
FRA,1949,7884
FRA,1950,8266
FRA,1951,8705
FRA,1952,8869
FRA,1953,9060
FRA,1954,9428
FRA,1955,9881
FRA,1956,10278
FRA,1957,10779
FRA,1958,10927
FRA,1959,11124
FRA,1960,11792
FRA,1961,12302
FRA,1962,12859
FRA,1963,13330
FRA,1964,14057
FRA,1965,14609
FRA,1966,15213
FRA,1967,15792
FRA,1968,16365
FRA,1969,17352
FRA,1970,18187
FRA,1971,18881
FRA,1972,19549
FRA,1973,20441
FRA,1974,20902
FRA,1975,20653
FRA,1976,21465
FRA,1977,22177
FRA,1978,22698
FRA,1979,23326
FRA,1980,23537
FRA,1981,23655
FRA,1982,24120
FRA,1983,24300
FRA,1984,24519
FRA,1985,24755
FRA,1986,25238
FRA,1987,25756
FRA,1988,26763
FRA,1989,27576
FRA,1990,28129
FRA,1991,28294.264
FRA,1992,28619.805
FRA,1993,28336.16
FRA,1994,28907.977
FRA,1995,29418.863
FRA,1996,29736.645
FRA,1997,30341.807
FRA,1998,31323.078
FRA,1999,32284.611
FRA,2000,33409.68
WGR,1945,7195
WGR,1946,3534
WGR,1947,3883
WGR,1948,4517
WGR,1949,5231
WGR,1950,6186
WGR,1951,6704
WGR,1952,7257
WGR,1953,7818
WGR,1954,8364
WGR,1955,9240
WGR,1956,9846
WGR,1957,10348
WGR,1958,10739
WGR,1959,11440
WGR,1960,12282
WGR,1961,12675
WGR,1962,13106
WGR,1963,13367
WGR,1964,14062
WGR,1965,14642
WGR,1966,14964
WGR,1967,14979
WGR,1968,15723
WGR,1969,16641
WGR,1970,17277
WGR,1971,17657
WGR,1972,18301
WGR,1973,19074
WGR,1974,19228
WGR,1975,19193
WGR,1976,20218
WGR,1977,20837
WGR,1978,21447
WGR,1979,22305
WGR,1980,22497
WGR,1981,22553
WGR,1982,22380
WGR,1983,22840
WGR,1984,23564
WGR,1985,24133
WGR,1986,24657
WGR,1987,25027
WGR,1988,25759
WGR,1989,26393
WGR,1990,25391
WGR,1991,26769.96
WGR,1992,27385.055
WGR,1993,27250.701
WGR,1994,28140.057
WGR,1995,28868.945
WGR,1996,29349.982
WGR,1997,30186.945
WGR,1998,31129.584
WGR,1999,32087.604
WGR,2000,33367.285
GRE,1945,1495
GRE,1946,2209
GRE,1947,2810
GRE,1948,2866
GRE,1949,2979
GRE,1950,3052
GRE,1951,3287
GRE,1952,3272
GRE,1953,3681
GRE,1954,3759
GRE,1955,4007
GRE,1956,4313
GRE,1957,4557
GRE,1958,4723
GRE,1959,4846
GRE,1960,5015
GRE,1961,5408
GRE,1962,5577
GRE,1963,6122
GRE,1964,6601
GRE,1965,7187
GRE,1966,7570
GRE,1967,7892
GRE,1968,8394
GRE,1969,9191
GRE,1970,9900
GRE,1971,10559
GRE,1972,11795
GRE,1973,12202
GRE,1974,11716
GRE,1975,12309
GRE,1976,12919
GRE,1977,13158
GRE,1978,13860
GRE,1979,14193
GRE,1980,14300
GRE,1981,14180
GRE,1982,14153
GRE,1983,14132
GRE,1984,14453
GRE,1985,14850
GRE,1986,15047
GRE,1987,14944
GRE,1988,15596
GRE,1989,16117
GRE,1990,15964
GRE,1991,16409.69
GRE,1992,16545.963
GRE,1993,16331.314
GRE,1994,16724.287
GRE,1995,17148.197
GRE,1996,17719.557
GRE,1997,18588.295
GRE,1998,19378.709
GRE,1999,20076.559
GRE,2000,20965.332
HUN,1946,2743
HUN,1947,2828
HUN,1948,3507
HUN,1949,3752
HUN,1950,3953
HUN,1951,4296
HUN,1952,4403
HUN,1953,4441
HUN,1954,4543
HUN,1955,4894
HUN,1956,4632
HUN,1957,5051
HUN,1958,5367
HUN,1959,5553
HUN,1960,5816
HUN,1961,6083
HUN,1962,6315
HUN,1963,6644
HUN,1964,6994
HUN,1965,7029
HUN,1966,7406
HUN,1967,7801
HUN,1968,7865
HUN,1969,8069
HUN,1970,8015
HUN,1971,8349
HUN,1972,8505
HUN,1973,8920
HUN,1974,9111
HUN,1975,9253
HUN,1976,9231
HUN,1977,9765
HUN,1978,9967
HUN,1979,9964
HUN,1980,10052
HUN,1981,10123
HUN,1982,10493
HUN,1983,10401
HUN,1984,10696
HUN,1985,10452
HUN,1986,10678
HUN,1987,10861
HUN,1988,11207
HUN,1989,11003
HUN,1990,10296
HUN,1991,9255.909
HUN,1992,9153.921
HUN,1993,9294.464
HUN,1994,9772.224
HUN,1995,10134.834
HUN,1996,10359.182
HUN,1997,10942.326
HUN,1998,11663.028
HUN,1999,12316.724
HUN,2000,13129.273
RAJ,1945,1058
RAJ,1946,991
RAJ,1947,985
RAJ,1948,983
RAJ,1949,995
RAJ,1950,987
RAJ,1951,993
RAJ,1952,1003
RAJ,1953,1047
RAJ,1954,1071
RAJ,1955,1078
RAJ,1956,1117
RAJ,1957,1084
RAJ,1958,1141
RAJ,1959,1143
RAJ,1960,1200
RAJ,1961,1208
RAJ,1962,1208
RAJ,1963,1242
RAJ,1964,1309
RAJ,1965,1229
RAJ,1966,1215
RAJ,1967,1286
RAJ,1968,1290
RAJ,1969,1347
RAJ,1970,1384
RAJ,1971,1364
RAJ,1972,1329
RAJ,1973,1360
RAJ,1974,1344
RAJ,1975,1430
RAJ,1976,1417
RAJ,1977,1494
RAJ,1978,1540
RAJ,1979,1427
RAJ,1980,1495
RAJ,1981,1557
RAJ,1982,1570
RAJ,1983,1663
RAJ,1984,1690
RAJ,1985,1720
RAJ,1986,1755
RAJ,1987,1793
RAJ,1988,1938
RAJ,1989,2024
RAJ,1990,2087
RAJ,1991,2062.3103
RAJ,1992,2115.2573
RAJ,1993,2176.4277
RAJ,1994,2254.899
RAJ,1995,2355.9631
RAJ,1996,2475.568
RAJ,1997,2514.0217
RAJ,1998,2611.7815
RAJ,1999,2707.7407
RAJ,2000,2753.0854
INS,1949,1159
INS,1950,1280
INS,1951,1356
INS,1952,1401
INS,1953,1451
INS,1954,1517
INS,1955,1537
INS,1956,1533
INS,1957,1613
INS,1958,1530
INS,1959,1570
INS,1960,1613
INS,1961,1690
INS,1962,1653
INS,1963,1557
INS,1964,1583
INS,1965,1567
INS,1966,1535
INS,1967,1470
INS,1968,1580
INS,1969,1739
INS,1970,1882
INS,1971,1946
INS,1972,2117
INS,1973,2375
INS,1974,2439
INS,1975,2386
INS,1976,2536
INS,1977,2670
INS,1978,2727
INS,1979,2810
INS,1980,2981
INS,1981,3119
INS,1982,2941
INS,1983,2994
INS,1984,3134
INS,1985,3143
INS,1986,3269
INS,1987,3370
INS,1988,3500
INS,1989,3747
INS,1990,4007
INS,1991,4310.778
INS,1992,4536.4097
INS,1993,4837.1313
INS,1994,5140.025
INS,1995,5494.904
INS,1996,5851.2954
INS,1997,6055.8486
INS,1998,5203.5796
INS,1999,5186.7134
INS,2000,5384.3867
PER,1950,2742
PER,1951,2668
PER,1952,2597
PER,1953,2531
PER,1954,2464
PER,1955,2397
PER,1956,2541
PER,1957,2817
PER,1958,3057
PER,1959,3226
PER,1960,3437
PER,1961,3622
PER,1962,3586
PER,1963,3867
PER,1964,4026
PER,1965,4388
PER,1966,4686
PER,1967,5062
PER,1968,5659
PER,1969,6212
PER,1970,6677
PER,1971,7296
PER,1972,8247
PER,1973,8706
PER,1974,9210
PER,1975,9377
PER,1976,10665
PER,1977,10205
PER,1978,8710
PER,1979,7678
PER,1980,6334
PER,1981,5887
PER,1982,6535
PER,1983,7108
PER,1984,6951
PER,1985,6853
PER,1986,5984
PER,1987,5713
PER,1988,5249
PER,1989,5303
PER,1990,5620
PER,1991,6380.55
PER,1992,7036.315
PER,1993,6914.7666
PER,1994,6884.706
PER,1995,7093.735
PER,1996,7746.409
PER,1997,8113.724
PER,1998,8458.387
PER,1999,8714.627
PER,2000,9104.763
IRQ,1950,2174
IRQ,1951,2303
IRQ,1952,2482
IRQ,1953,3394
IRQ,1954,3926
IRQ,1955,3663
IRQ,1956,3808
IRQ,1957,3666
IRQ,1958,3974
IRQ,1959,4022
IRQ,1960,4360
IRQ,1961,4720
IRQ,1962,4809
IRQ,1963,4578
IRQ,1964,4965
IRQ,1965,5241
IRQ,1966,5338
IRQ,1967,5043
IRQ,1968,5745
IRQ,1969,5745
IRQ,1970,5536
IRQ,1971,5686
IRQ,1972,5297
IRQ,1973,5982
IRQ,1974,6097
IRQ,1975,6878
IRQ,1976,8007
IRQ,1977,7957
IRQ,1978,9075
IRQ,1979,10769
IRQ,1980,10165
IRQ,1981,8035
IRQ,1982,7704
IRQ,1983,6805
IRQ,1984,6593
IRQ,1985,6268
IRQ,1986,5992
IRQ,1987,6052
IRQ,1988,4635
IRQ,1989,4098
IRQ,1990,3918
IRQ,1991,1518.7421
IRQ,1992,2046.1809
IRQ,1993,2132.3823
IRQ,1994,2108.538
IRQ,1995,1996.9279
IRQ,1996,2337.5227
IRQ,1997,2337.948
IRQ,1998,2794.7864
IRQ,1999,3157.1125
IRQ,2000,3649.493
IRE,1945,4812
IRE,1946,4865
IRE,1947,4929
IRE,1948,5149
IRE,1949,5426
IRE,1950,5504
IRE,1951,5649
IRE,1952,5805
IRE,1953,5973
IRE,1954,6048
IRE,1955,6248
IRE,1956,6212
IRE,1957,6239
IRE,1958,6169
IRE,1959,6437
IRE,1960,6825
IRE,1961,7186
IRE,1962,7390
IRE,1963,7685
IRE,1964,7948
IRE,1965,8051
IRE,1966,8097
IRE,1967,8531
IRE,1968,9197
IRE,1969,9706
IRE,1970,9881
IRE,1971,10128
IRE,1972,10621
IRE,1973,10946
IRE,1974,11225
IRE,1975,11662
IRE,1976,11639
IRE,1977,12425
IRE,1978,13150
IRE,1979,13335
IRE,1980,13614
IRE,1981,13893
IRE,1982,14061
IRE,1983,13931
IRE,1984,14435
IRE,1985,14834
IRE,1986,14768
IRE,1987,15458
IRE,1988,16313
IRE,1989,17343
IRE,1990,18838
IRE,1991,19253.943
IRE,1992,20032.719
IRE,1993,20627.078
IRE,1994,22004.814
IRE,1995,24266.143
IRE,1996,26562.908
IRE,1997,29455.92
IRE,1998,31908.648
IRE,1999,35377.164
IRE,2000,38806.5
ISR,1950,4490
ISR,1951,5035
ISR,1952,4828
ISR,1953,4638
ISR,1954,5378
ISR,1955,5899
ISR,1956,6153
ISR,1957,6363
ISR,1958,6550
ISR,1959,7175
ISR,1960,7433
ISR,1961,7964
ISR,1962,8396
ISR,1963,8915
ISR,1964,9430
ISR,1965,9997
ISR,1966,9867
ISR,1967,9918
ISR,1968,11210
ISR,1969,12310
ISR,1970,12913
ISR,1971,13885
ISR,1972,15108
ISR,1973,15374
ISR,1974,15980
ISR,1975,16176
ISR,1976,16053
ISR,1977,15721
ISR,1978,16139
ISR,1979,16761
ISR,1980,17508
ISR,1981,18103
ISR,1982,18155
ISR,1983,18468
ISR,1984,18305
ISR,1985,18605
ISR,1986,19160
ISR,1987,20196
ISR,1988,20256
ISR,1989,20091
ISR,1990,20829
ISR,1991,20912.941
ISR,1992,21531.596
ISR,1993,21484.979
ISR,1994,22128.805
ISR,1995,23378.16
ISR,1996,23979.996
ISR,1997,24226.73
ISR,1998,24506.16
ISR,1999,24644.205
ISR,2000,26058.84
ITA,1945,2831
ITA,1946,3805
ITA,1947,4498
ITA,1948,4814
ITA,1949,5188
ITA,1950,5582
ITA,1951,5958
ITA,1952,6371
ITA,1953,6790
ITA,1954,7092
ITA,1955,7453
ITA,1956,7745
ITA,1957,8158
ITA,1958,8544
ITA,1959,9011
ITA,1960,9430
ITA,1961,10158
ITA,1962,10882
ITA,1963,11576
ITA,1964,11934
ITA,1965,12111
ITA,1966,12659
ITA,1967,13476
ITA,1968,14513
ITA,1969,15248
ITA,1970,15492
ITA,1971,15683
ITA,1972,16035
ITA,1973,16950
ITA,1974,17607
ITA,1975,17123
ITA,1976,18147
ITA,1977,18599
ITA,1978,19230
ITA,1979,20275
ITA,1980,20959
ITA,1981,21041
ITA,1982,21123
ITA,1983,21345
ITA,1984,21868
ITA,1985,22469
ITA,1986,23106
ITA,1987,23824
ITA,1988,24743
ITA,1989,25454
ITA,1990,26003
ITA,1991,26570.363
ITA,1992,26960.611
ITA,1993,26902.398
ITA,1994,27668.258
ITA,1995,28666.352
ITA,1996,29231.275
ITA,1997,29960.7
ITA,1998,30649.629
ITA,1999,31340.48
ITA,2000,32716.98
JAP,1945,3677.67
JAP,1946,2771.37
JAP,1947,2710.95
JAP,1948,2857.23
JAP,1949,2866.77
JAP,1950,3062
JAP,1951,3389
JAP,1952,3724
JAP,1953,3944
JAP,1954,4116
JAP,1955,4417
JAP,1956,4699
JAP,1957,4999
JAP,1958,5243
JAP,1959,5665
JAP,1960,6354
JAP,1961,7055
JAP,1962,7614
JAP,1963,8176
JAP,1964,9035
JAP,1965,9459
JAP,1966,10370
JAP,1967,11400
JAP,1968,12725
JAP,1969,14145
JAP,1970,15484
JAP,1971,16004
JAP,1972,17110
JAP,1973,18226
JAP,1974,17765
JAP,1975,18082
JAP,1976,18600
JAP,1977,19230
JAP,1978,20060
JAP,1979,20982
JAP,1980,21404
JAP,1981,21924
JAP,1982,22440
JAP,1983,22805
JAP,1984,23548
JAP,1985,24437
JAP,1986,24992
JAP,1987,25904
JAP,1988,27393
JAP,1989,28601
JAP,1990,29949
JAP,1991,30837.432
JAP,1992,30977.814
JAP,1993,30920.66
JAP,1994,31135.428
JAP,1995,31887.277
JAP,1996,32784.156
JAP,1997,33038.293
JAP,1998,32558.188
JAP,1999,32394.516
JAP,2000,33210.81
KEN,1945,1061.917
KEN,1950,1038
KEN,1951,1229
KEN,1952,1063
KEN,1953,1009
KEN,1954,1095
KEN,1955,1144
KEN,1956,1173
KEN,1957,1176
KEN,1958,1156
KEN,1959,1148
KEN,1960,1157
KEN,1961,1093
KEN,1962,1117
KEN,1963,1138
KEN,1964,1208
KEN,1965,1184
KEN,1966,1294
KEN,1967,1317
KEN,1968,1366
KEN,1969,1404
KEN,1970,1458
KEN,1971,1500
KEN,1972,1524
KEN,1973,1546
KEN,1974,1564
KEN,1975,1502
KEN,1976,1503
KEN,1977,1580
KEN,1978,1656
KEN,1979,1651
KEN,1980,1675
KEN,1981,1647
KEN,1982,1680
KEN,1983,1627
KEN,1984,1594
KEN,1985,1604
KEN,1986,1658
KEN,1987,1698
KEN,1988,1741
KEN,1989,1761
KEN,1990,1780
KEN,1991,1777.7838
KEN,1992,1724.8744
KEN,1993,1698.2542
KEN,1994,1729.7172
KEN,1995,1789.8945
KEN,1996,1851.2814
KEN,1997,1846.3738
KEN,1998,1889.9731
KEN,1999,1920.834
KEN,2000,1914.8864
MAL,1947,1704
MAL,1948,1889
MAL,1949,2440
MAL,1950,2485
MAL,1951,2295
MAL,1952,2345
MAL,1953,2295
MAL,1954,2375
MAL,1955,2327
MAL,1956,2399
MAL,1957,2319
MAL,1958,2252
MAL,1959,2338
MAL,1960,2439
MAL,1961,2538
MAL,1962,2609
MAL,1963,2660
MAL,1964,2754
MAL,1965,2876
MAL,1966,2942
MAL,1967,2917
MAL,1968,3096
MAL,1969,3196
MAL,1970,3314
MAL,1971,3475
MAL,1972,3649
MAL,1973,4081
MAL,1974,4285
MAL,1975,4221
MAL,1976,4638
MAL,1977,4903
MAL,1978,5214
MAL,1979,5510
MAL,1980,5829
MAL,1981,6095
MAL,1982,6303
MAL,1983,6529
MAL,1984,6867
MAL,1985,6626
MAL,1986,6543
MAL,1987,6723
MAL,1988,7144
MAL,1989,7634
MAL,1990,8179
MAL,1991,8781.209
MAL,1992,9383.933
MAL,1993,10131.93
MAL,1994,10867.256
MAL,1995,11725.093
MAL,1996,12668.668
MAL,1997,13344.57
MAL,1998,12129.636
MAL,1999,12636.607
MAL,2000,13474.701
MEX,1945,3009
MEX,1946,3124
MEX,1947,3145
MEX,1948,3188
MEX,1949,3276
MEX,1950,3510
MEX,1951,3673
MEX,1952,3706
MEX,1953,3602
MEX,1954,3851
MEX,1955,4060
MEX,1956,4213
MEX,1957,4403
MEX,1958,4501
MEX,1959,4497
MEX,1960,4723
MEX,1961,4807
MEX,1962,4881
MEX,1963,5118
MEX,1964,5555
MEX,1965,5737
MEX,1966,5950
MEX,1967,6132
MEX,1968,6432
MEX,1969,6629
MEX,1970,6873
MEX,1971,6912
MEX,1972,7256
MEX,1973,7597
MEX,1974,7801
MEX,1975,8011
MEX,1976,8131
MEX,1977,8177
MEX,1978,8690
MEX,1979,9307
MEX,1980,9929
MEX,1981,10538
MEX,1982,10240
MEX,1983,9656
MEX,1984,9777
MEX,1985,9785
MEX,1986,9283
MEX,1987,9256
MEX,1988,9193
MEX,1989,9392
MEX,1990,9699
MEX,1991,10008.551
MEX,1992,10262.211
MEX,1993,10357.829
MEX,1994,10721.008
MEX,1995,9944.953
MEX,1996,10386.499
MEX,1997,11030.343
MEX,1998,11510.877
MEX,1999,11894.203
MEX,2000,12613.396
MOR,1950,2319
MOR,1951,2324
MOR,1952,2327
MOR,1953,2340
MOR,1954,2353
MOR,1955,2364
MOR,1956,2313
MOR,1957,2263
MOR,1958,2214
MOR,1959,2165
MOR,1960,2118
MOR,1961,2138
MOR,1962,2158
MOR,1963,2179
MOR,1964,2201
MOR,1965,2222
MOR,1966,2289
MOR,1967,2359
MOR,1968,2429
MOR,1969,2503
MOR,1970,2576
MOR,1971,2654
MOR,1972,2660
MOR,1973,2700
MOR,1974,2791
MOR,1975,2919
MOR,1976,3175
MOR,1977,3268
MOR,1978,3298
MOR,1979,3382
MOR,1980,3622
MOR,1981,3457
MOR,1982,3725
MOR,1983,3606
MOR,1984,3657
MOR,1985,3784
MOR,1986,3977
MOR,1987,3790
MOR,1988,4077
MOR,1989,4073
MOR,1990,4130
MOR,1991,4353.7295
MOR,1992,4194.447
MOR,1993,4097.281
MOR,1994,4461.0625
MOR,1995,4156.9253
MOR,1996,4603.652
MOR,1997,4469.19
MOR,1998,4729.183
MOR,1999,4720.7715
MOR,2000,4753.638
BRM,1950,631
BRM,1951,711
BRM,1952,716
BRM,1953,724
BRM,1954,668
BRM,1955,744
BRM,1956,781
BRM,1957,813
BRM,1958,778
BRM,1959,885
BRM,1960,899
BRM,1961,904
BRM,1962,966
BRM,1963,977
BRM,1964,976
BRM,1965,983
BRM,1966,925
BRM,1967,934
BRM,1968,976
BRM,1969,998
BRM,1970,1023
BRM,1971,1036
BRM,1972,1023
BRM,1973,1001
BRM,1974,1033
BRM,1975,1057
BRM,1976,1103
BRM,1977,1148
BRM,1978,1205
BRM,1979,1240
BRM,1980,1320
BRM,1981,1369
BRM,1982,1417
BRM,1983,1451
BRM,1984,1492
BRM,1985,1506
BRM,1986,1465
BRM,1987,1382
BRM,1988,1207
BRM,1989,1234
BRM,1990,1253
BRM,1991,1205.0714
BRM,1992,1283.8254
BRM,1993,1321.8102
BRM,1994,1373.9629
BRM,1995,1423.6505
BRM,1996,1469.0317
BRM,1997,1505.9805
BRM,1998,1547.0283
BRM,1999,1667.6613
BRM,2000,1843.4945
HOL,1945,4281
HOL,1946,7104
HOL,1947,8046
HOL,1948,8751
HOL,1949,9373
HOL,1950,9558
HOL,1951,9615
HOL,1952,9698
HOL,1953,10429
HOL,1954,11010
HOL,1955,11678
HOL,1956,11953
HOL,1957,12137
HOL,1958,11926
HOL,1959,12333
HOL,1960,13209
HOL,1961,13074
HOL,1962,13770
HOL,1963,14078
HOL,1964,15042
HOL,1965,15618
HOL,1966,15838
HOL,1967,16483
HOL,1968,17365
HOL,1969,18270
HOL,1970,19075
HOL,1971,19636
HOL,1972,20079
HOL,1973,20851
HOL,1974,21514
HOL,1975,21318
HOL,1976,22132
HOL,1977,22598
HOL,1978,22992
HOL,1979,23347
HOL,1980,23438
HOL,1981,23153
HOL,1982,22780
HOL,1983,23086
HOL,1984,23750
HOL,1985,24361
HOL,1986,24893
HOL,1987,25085
HOL,1988,25574
HOL,1989,26612
HOL,1990,27515
HOL,1991,28126.781
HOL,1992,28555.732
HOL,1993,28879.996
HOL,1994,29727.557
HOL,1995,30680.348
HOL,1996,31811.738
HOL,1997,33199.633
HOL,1998,34688.55
HOL,1999,36409.08
HOL,2000,37899.95
NZL,1945,11043
NZL,1946,11415
NZL,1947,12506
NZL,1948,11045
NZL,1949,11988
NZL,1950,13479
NZL,1951,12199
NZL,1952,12427
NZL,1953,12522
NZL,1954,13936
NZL,1955,13908
NZL,1956,14346
NZL,1957,14418
NZL,1958,14641
NZL,1959,15350
NZL,1960,15087
NZL,1961,15533
NZL,1962,15511
NZL,1963,16150
NZL,1964,16606
NZL,1965,17341
NZL,1966,18111
NZL,1967,17027
NZL,1968,16809
NZL,1969,18348
NZL,1970,17835
NZL,1971,18452
NZL,1972,18889
NZL,1973,19804
NZL,1974,20529
NZL,1975,19907
NZL,1976,20161
NZL,1977,19110
NZL,1978,19182
NZL,1979,19580
NZL,1980,19681
NZL,1981,20537
NZL,1982,20715
NZL,1983,21015
NZL,1984,21783
NZL,1985,21780
NZL,1986,22124
NZL,1987,22142
NZL,1988,22022
NZL,1989,22107
NZL,1990,21817
NZL,1991,21125.895
NZL,1992,21093.06
NZL,1993,21897.676
NZL,1994,23076.857
NZL,1995,23751.902
NZL,1996,24321.248
NZL,1997,24802.129
NZL,1998,24861.416
NZL,1999,25867.992
NZL,2000,26823.018
NGA,1950,1200
NGA,1951,1262
NGA,1952,1323
NGA,1953,1325
NGA,1954,1382
NGA,1955,1379
NGA,1956,1309
NGA,1957,1323
NGA,1958,1270
NGA,1959,1288
NGA,1960,1307
NGA,1961,1313
NGA,1962,1349
NGA,1963,1433
NGA,1964,1451
NGA,1965,1505
NGA,1966,1414
NGA,1967,1160
NGA,1968,1114
NGA,1969,1372
NGA,1970,1744
NGA,1971,1894
NGA,1972,1908
NGA,1973,2012
NGA,1974,2179
NGA,1975,2051
NGA,1976,2208
NGA,1977,2220
NGA,1978,2028
NGA,1979,2104
NGA,1980,2080
NGA,1981,1855
NGA,1982,1784
NGA,1983,1631
NGA,1984,1527
NGA,1985,1621
NGA,1986,1610
NGA,1987,1556
NGA,1988,1667
NGA,1989,1729
NGA,1990,1773
NGA,1991,1759.0035
NGA,1992,1793.9402
NGA,1993,1817.7495
NGA,1994,1820.3046
NGA,1995,1851.0375
NGA,1996,1924.0884
NGA,1997,1977.2856
NGA,1998,2025.8649
NGA,1999,2034.8275
NGA,2000,2144.8254
KPA,1990,2455.8186
KPA,1991,2315.959
KPA,1992,2120.5461
KPA,1993,1996.2933
KPA,1994,1925.956
KPA,1995,1816.009
KPA,1996,1733.0995
KPA,1997,1604.8995
KPA,1998,1579.9309
KPA,1999,1664.6421
KPA,2000,1657.1444
NOR,1945,6344
NOR,1946,6910
NOR,1947,7753
NOR,1948,8199
NOR,1949,8332
NOR,1950,8655
NOR,1951,9038
NOR,1952,9267
NOR,1953,9540
NOR,1954,9923
NOR,1955,10044
NOR,1956,10480
NOR,1957,10697
NOR,1958,10603
NOR,1959,10957
NOR,1960,11483
NOR,1961,12106
NOR,1962,12347
NOR,1963,12723
NOR,1964,13256
NOR,1965,13852
NOR,1966,14258
NOR,1967,15020
NOR,1968,15224
NOR,1969,15779
NOR,1970,15983
NOR,1971,16692
NOR,1972,17409
NOR,1973,18050
NOR,1974,18691
NOR,1975,19560
NOR,1976,20610
NOR,1977,21399
NOR,1978,22061
NOR,1979,22971
NOR,1980,24031
NOR,1981,24179
NOR,1982,24141
NOR,1983,24924
NOR,1984,26321
NOR,1985,27608
NOR,1986,28504
NOR,1987,28953
NOR,1988,28786
NOR,1989,28942
NOR,1990,29434
NOR,1991,31127.676
NOR,1992,33041.207
NOR,1993,34819.516
NOR,1994,37492.836
NOR,1995,40043.797
NOR,1996,43133.145
NOR,1997,46556.48
NOR,1998,48956.73
NOR,1999,51129.184
NOR,2000,54039.96
PAK,1950,1025
PAK,1951,969
PAK,1952,950
PAK,1953,1015
PAK,1954,1014
PAK,1955,1012
PAK,1956,1017
PAK,1957,1036
PAK,1958,1025
PAK,1959,1009
PAK,1960,1031
PAK,1961,1066
PAK,1962,1114
PAK,1963,1152
PAK,1964,1208
PAK,1965,1229
PAK,1966,1294
PAK,1967,1307
PAK,1968,1361
PAK,1969,1411
PAK,1970,1517
PAK,1971,1484
PAK,1972,1455
PAK,1973,1521
PAK,1974,1533
PAK,1975,1559
PAK,1976,1604
PAK,1977,1631
PAK,1978,1720
PAK,1979,1733
PAK,1980,1851
PAK,1981,1924
PAK,1982,2002
PAK,1983,2077
PAK,1984,2106
PAK,1985,2230
PAK,1986,2302
PAK,1987,2364
PAK,1988,2442
PAK,1989,2487
PAK,1990,2531
PAK,1991,2644.5742
PAK,1992,2732.3816
PAK,1993,2777.332
PAK,1994,2855.9062
PAK,1995,2947.6826
PAK,1996,2979.808
PAK,1997,2986.7056
PAK,1998,3035.4517
PAK,1999,3111.9585
PAK,2000,3154.5115
PHI,1946,1030
PHI,1947,1395
PHI,1948,1583
PHI,1949,1634
PHI,1950,1706
PHI,1951,1835
PHI,1952,1890
PHI,1953,1999
PHI,1954,2085
PHI,1955,2165
PHI,1956,2248
PHI,1957,2299
PHI,1958,2308
PHI,1959,2393
PHI,1960,2353
PHI,1961,2410
PHI,1962,2450
PHI,1963,2542
PHI,1964,2550
PHI,1965,2603
PHI,1966,2636
PHI,1967,2694
PHI,1968,2745
PHI,1969,2789
PHI,1970,2812
PHI,1971,2882
PHI,1972,2954
PHI,1973,3131
PHI,1974,3154
PHI,1975,3241
PHI,1976,3430
PHI,1977,3524
PHI,1978,3606
PHI,1979,3703
PHI,1980,3787
PHI,1981,3819
PHI,1982,3859
PHI,1983,3837
PHI,1984,3469
PHI,1985,3135
PHI,1986,3161
PHI,1987,3218
PHI,1988,3355
PHI,1989,3481
PHI,1990,3502
PHI,1991,3432.5828
PHI,1992,3399.2427
PHI,1993,3427.1294
PHI,1994,3529.0073
PHI,1995,3637.6255
PHI,1996,3790.7788
PHI,1997,3928.0144
PHI,1998,3852.6328
PHI,1999,3917.0886
PHI,2000,4033.5608
POL,1948,3439.4912
POL,1949,3630.2634
POL,1950,3900
POL,1951,4001
POL,1952,4018
POL,1953,4173
POL,1954,4328
POL,1955,4454
POL,1956,4565
POL,1957,4721
POL,1958,4873
POL,1959,4935
POL,1960,5125
POL,1961,5461
POL,1962,5325
POL,1963,5582
POL,1964,5773
POL,1965,6036
POL,1966,6362
POL,1967,6540
POL,1968,6881
POL,1969,6760
POL,1970,7058
POL,1971,7503
POL,1972,7986
POL,1973,8512
POL,1974,8928
POL,1975,9258
POL,1976,9397
POL,1977,9483
POL,1978,9741
POL,1979,9471
POL,1980,9149
POL,1981,8584
POL,1982,8429
POL,1983,8764
POL,1984,9006
POL,1985,9022
POL,1986,9240
POL,1987,9059
POL,1988,9228
POL,1989,9060
POL,1990,8150
POL,1991,7625.843
POL,1992,7873.925
POL,1993,8229.529
POL,1994,8721.827
POL,1995,9408.274
POL,1996,10066.171
POL,1997,10811.274
POL,1998,11413.256
POL,1999,12058.42
POL,2000,12732.167
POR,1945,2876
POR,1946,3073
POR,1947,3301
POR,1948,3261
POR,1949,3279
POR,1950,3325
POR,1951,3456
POR,1952,3445
POR,1953,3663
POR,1954,3814
POR,1955,3945
POR,1956,4087
POR,1957,4238
POR,1958,4259
POR,1959,4454
POR,1960,4712
POR,1961,4972
POR,1962,5308
POR,1963,5585
POR,1964,5926
POR,1965,6363
POR,1966,6637
POR,1967,7143
POR,1968,7767
POR,1969,7949
POR,1970,8724
POR,1971,9358
POR,1972,10130
POR,1973,11258
POR,1974,11234
POR,1975,10388
POR,1976,10861
POR,1977,11422
POR,1978,11700
POR,1979,12326
POR,1980,12822
POR,1981,12934
POR,1982,13198
POR,1983,13158
POR,1984,12894
POR,1985,13240
POR,1986,13774
POR,1987,14641
POR,1988,15729
POR,1989,16533
POR,1990,17256
POR,1991,17949.809
POR,1992,18598.527
POR,1993,18519.934
POR,1994,18819.027
POR,1995,19262.031
POR,1996,19939.31
POR,1997,20810.178
POR,1998,21782.12
POR,1999,22589.922
POR,2000,23372.041
ROM,1945,876.1176
ROM,1946,853.24243
ROM,1947,1086.5688
ROM,1948,2976.0547
ROM,1949,2430.483
ROM,1950,1883.9768
ROM,1951,2001.5428
ROM,1952,2124.8564
ROM,1953,2249.247
ROM,1954,2384.6633
ROM,1955,2515.1223
ROM,1956,2587.6025
ROM,1957,2664.587
ROM,1958,2747.3184
ROM,1959,2841.9624
ROM,1960,2938.8025
ROM,1961,3109.8738
ROM,1962,3199.5
ROM,1963,3405.6587
ROM,1964,3599.467
ROM,1965,3803.3682
ROM,1966,4212.6973
ROM,1967,4372.449
ROM,1968,4366.12
ROM,1969,4501.1245
ROM,1970,4547.4023
ROM,1971,5134.1865
ROM,1972,5413.418
ROM,1973,5541.7134
ROM,1974,5796.996
ROM,1975,5995.4507
ROM,1976,6243.1465
ROM,1977,6322.24
ROM,1978,6476.1567
ROM,1979,6612.0225
ROM,1980,6591.6367
ROM,1981,6514.127
ROM,1982,6490.4365
ROM,1983,6418.194
ROM,1984,6659.454
ROM,1985,6628.6064
ROM,1986,6718.445
ROM,1987,6551.899
ROM,1988,6511.956
ROM,1989,6281.1543
ROM,1990,5596
ROM,1991,5033.141
ROM,1992,4818.304
ROM,1993,5055.917
ROM,1994,5427.071
ROM,1995,6014.69
ROM,1996,6476.4746
ROM,1997,6446.418
ROM,1998,6407.467
ROM,1999,6613.933
ROM,2000,7089.9463
SAU,1950,3556
SAU,1951,3784
SAU,1952,3937
SAU,1953,4246
SAU,1954,4642
SAU,1955,4658
SAU,1956,4901
SAU,1957,4972
SAU,1958,5107
SAU,1959,5512
SAU,1960,5928
SAU,1961,6481
SAU,1962,7085
SAU,1963,7516
SAU,1964,7978
SAU,1965,8717
SAU,1966,9726
SAU,1967,10302
SAU,1968,10916
SAU,1969,11429
SAU,1970,12153
SAU,1971,13509
SAU,1972,15138
SAU,1973,17598
SAU,1974,19659
SAU,1975,18788
SAU,1976,19297
SAU,1977,20824
SAU,1978,20593
SAU,1979,20472
SAU,1980,21068
SAU,1981,21393
SAU,1982,20535
SAU,1983,17315
SAU,1984,16343
SAU,1985,14422
SAU,1986,12897
SAU,1987,12919
SAU,1988,12795
SAU,1989,12758
SAU,1990,14335
SAU,1991,16830.412
SAU,1992,17905.28
SAU,1993,18101.092
SAU,1994,18678.932
SAU,1995,19223.332
SAU,1996,20280.494
SAU,1997,21087.428
SAU,1998,22310.918
SAU,1999,22058.572
SAU,2000,23904.516
SAF,1945,3631
SAF,1946,3684
SAF,1947,3647
SAF,1948,3848
SAF,1949,3819
SAF,1950,4041
SAF,1951,4130
SAF,1952,4175
SAF,1953,4264
SAF,1954,4404
SAF,1955,4511
SAF,1956,4645
SAF,1957,4704
SAF,1958,4685
SAF,1959,4774
SAF,1960,4847
SAF,1961,4929
SAF,1962,5067
SAF,1963,5294
SAF,1964,5499
SAF,1965,5673
SAF,1966,5762
SAF,1967,5993
SAF,1968,6087
SAF,1969,6290
SAF,1970,6448
SAF,1971,6591
SAF,1972,6550
SAF,1973,6655
SAF,1974,6853
SAF,1975,6808
SAF,1976,6802
SAF,1977,6623
SAF,1978,6653
SAF,1979,6746
SAF,1980,6998
SAF,1981,7141
SAF,1982,6891
SAF,1983,6554
SAF,1984,6672
SAF,1985,6385
SAF,1986,6236
SAF,1987,6212
SAF,1988,6319
SAF,1989,6306
SAF,1990,6111
SAF,1991,6034.9004
SAF,1992,5901.9844
SAF,1993,5965.9116
SAF,1994,6172.9736
SAF,1995,6406.428
SAF,1996,6725.791
SAF,1997,6950.4717
SAF,1998,7024.2954
SAF,1999,7234.2856
SAF,2000,7582.7783
KOR,1946,915.7651
KOR,1947,937.2627
KOR,1948,1098.8716
KOR,1949,1188.9807
KOR,1950,998.08875
KOR,1951,990.77
KOR,1952,1038.041
KOR,1953,1316.691
KOR,1954,1372.6798
KOR,1955,1411.3336
KOR,1956,1381.9828
KOR,1957,1466.7677
KOR,1958,1517.8839
KOR,1959,1555.7272
KOR,1960,1547.6918
KOR,1961,1605.8468
KOR,1962,1620.4901
KOR,1963,1720.8241
KOR,1964,1834.9778
KOR,1965,1917.4283
KOR,1966,2093.888
KOR,1967,2232.0535
KOR,1968,2468.4836
KOR,1969,2764.1533
KOR,1970,2974.8074
KOR,1971,3221.6746
KOR,1972,3387.8906
KOR,1973,3822.046
KOR,1974,4112.6016
KOR,1975,4362.007
KOR,1976,4855.941
KOR,1977,5367.795
KOR,1978,5856.4966
KOR,1979,6265.886
KOR,1980,6064.04
KOR,1981,6398.851
KOR,1982,6821.475
KOR,1983,7611.7344
KOR,1984,8303.519
KOR,1985,8859.355
KOR,1986,9756.205
KOR,1987,10864.975
KOR,1988,12039.945
KOR,1989,12759.489
KOR,1990,13874
KOR,1991,15056.16
KOR,1992,15712.002
KOR,1993,16503.434
KOR,1994,17720.395
KOR,1995,19089.299
KOR,1996,20204.56
KOR,1997,21055.945
KOR,1998,19624.691
KOR,1999,21540.693
KOR,2000,23108.018
SPR,1945,3352.9292
SPR,1946,3468.2031
SPR,1947,3509.0786
SPR,1948,3473.9224
SPR,1949,3430.704
SPR,1950,3459.4402
SPR,1951,3785.9592
SPR,1952,4099.3994
SPR,1953,4061.8174
SPR,1954,4322.012
SPR,1955,4436.738
SPR,1956,4763.9624
SPR,1957,4893.489
SPR,1958,5168.911
SPR,1959,5079.3
SPR,1960,5031.5664
SPR,1961,5581.4375
SPR,1962,6075.9097
SPR,1963,6631.5728
SPR,1964,6938.4917
SPR,1965,7411.985
SPR,1966,7872.8496
SPR,1967,8207.074
SPR,1968,8598.881
SPR,1969,9299.07
SPR,1970,9502.939
SPR,1971,9885.877
SPR,1972,10787.692
SPR,1973,11629.702
SPR,1974,12379.95
SPR,1975,12613.324
SPR,1976,13044.986
SPR,1977,13335.212
SPR,1978,13568.676
SPR,1979,13678.094
SPR,1980,14005.935
SPR,1981,13895.314
SPR,1982,14046.1045
SPR,1983,14240.944
SPR,1984,14313.326
SPR,1985,14696.966
SPR,1986,15242.98
SPR,1987,16273.085
SPR,1988,17275.508
SPR,1989,18360.352
SPR,1990,19215
SPR,1991,19958.06
SPR,1992,20329.168
SPR,1993,20056.54
SPR,1994,20673.955
SPR,1995,21522.098
SPR,1996,22185.066
SPR,1997,23113.615
SPR,1998,24284.861
SPR,1999,25549.54
SPR,2000,26994.86
SWE,1945,8201
SWE,1946,9000
SWE,1947,9709
SWE,1948,9822
SWE,1949,10127
SWE,1950,10742
SWE,1951,11077
SWE,1952,11152
SWE,1953,11389
SWE,1954,11799
SWE,1955,12060
SWE,1956,12428
SWE,1957,12899
SWE,1958,12884
SWE,1959,13211
SWE,1960,13849
SWE,1961,14564
SWE,1962,15093
SWE,1963,15808
SWE,1964,16761
SWE,1965,17239
SWE,1966,17432
SWE,1967,17883
SWE,1968,18428
SWE,1969,19215
SWE,1970,20269
SWE,1971,20320
SWE,1972,20725
SWE,1973,21509
SWE,1974,22132
SWE,1975,22607
SWE,1976,22765
SWE,1977,22322
SWE,1978,22646
SWE,1979,23465
SWE,1980,23809
SWE,1981,23777
SWE,1982,24002
SWE,1983,24412
SWE,1984,25357
SWE,1985,25805
SWE,1986,26309
SWE,1987,27016
SWE,1988,27468
SWE,1989,27933
SWE,1990,28068
SWE,1991,27614.035
SWE,1992,27198.53
SWE,1993,26558.824
SWE,1994,27505.955
SWE,1995,28519.443
SWE,1996,29012.105
SWE,1997,29862.666
SWE,1998,31187.164
SWE,1999,32705.215
SWE,2000,34202.605
SWI,1945,8839.315
SWI,1946,10866.098
SWI,1947,11020.95
SWI,1948,11189.343
SWI,1949,10943.544
SWI,1950,11541.037
SWI,1951,11877.894
SWI,1952,12016.309
SWI,1953,12470.985
SWI,1954,13171.406
SWI,1955,13999.488
SWI,1956,14507.061
SWI,1957,14667.65
SWI,1958,14644.458
SWI,1959,15469.592
SWI,1960,16358.359
SWI,1961,17307.562
SWI,1962,17793.977
SWI,1963,18437.84
SWI,1964,19195.447
SWI,1965,19802.512
SWI,1966,20224.54
SWI,1967,20742.252
SWI,1968,21395.387
SWI,1969,22307.674
SWI,1970,23478.992
SWI,1971,24486.979
SWI,1972,25356.91
SWI,1973,26003.715
SWI,1974,25718.27
SWI,1975,24467.992
SWI,1976,24752.908
SWI,1977,25430.568
SWI,1978,26158.8
SWI,1979,26641.096
SWI,1980,27405.73
SWI,1981,27729.586
SWI,1982,27660.95
SWI,1983,28009.328
SWI,1984,28315.082
SWI,1985,29416.752
SWI,1986,30847.994
SWI,1987,31774.371
SWI,1988,32482.908
SWI,1989,33315.586
SWI,1990,34250
SWI,1991,34128.64
SWI,1992,34356.8
SWI,1993,34625.535
SWI,1994,35423.83
SWI,1995,36004.23
SWI,1996,36720.492
SWI,1997,38165.477
SWI,1998,39890.54
SWI,1999,41091.637
SWI,2000,43251.105
CHI,1950,1460
CHI,1951,1513
CHI,1952,1639
CHI,1953,1728
CHI,1954,1825
CHI,1955,1895
CHI,1956,1926
CHI,1957,1997
CHI,1958,2056
CHI,1959,2118
CHI,1960,2157
CHI,1961,2228
CHI,1962,2326
CHI,1963,2463
CHI,1964,2676
CHI,1965,2885
CHI,1966,3054
CHI,1967,3300
CHI,1968,3484
CHI,1969,3720
CHI,1970,4044
CHI,1971,4470
CHI,1972,4962
CHI,1973,5496
CHI,1974,5455
CHI,1975,5614
CHI,1976,6245
CHI,1977,6752
CHI,1978,7519
CHI,1979,7967
CHI,1980,8384
CHI,1981,8749
CHI,1982,8910
CHI,1983,9530
CHI,1984,10394
CHI,1985,10779
CHI,1986,11918
CHI,1987,13705
CHI,1988,14183
CHI,1989,15203
CHI,1990,15841
CHI,1991,16934.814
CHI,1992,18101.332
CHI,1993,19087.598
CHI,1994,20269.266
CHI,1995,21329.686
CHI,1996,22390.053
CHI,1997,23437.768
CHI,1998,24131.22
CHI,1999,25471.781
CHI,2000,26787.445
SIA,1950,1302
SIA,1951,1353
SIA,1952,1385
SIA,1953,1490
SIA,1954,1431
SIA,1955,1506
SIA,1956,1482
SIA,1957,1451
SIA,1958,1457
SIA,1959,1581
SIA,1960,1718
SIA,1961,1753
SIA,1962,1831
SIA,1963,1921
SIA,1964,1991
SIA,1965,2085
SIA,1966,2251
SIA,1967,2369
SIA,1968,2488
SIA,1969,2608
SIA,1970,2700
SIA,1971,2750
SIA,1972,2786
SIA,1973,2987
SIA,1974,3045
SIA,1975,3123
SIA,1976,3333
SIA,1977,3585
SIA,1978,3861
SIA,1979,3979
SIA,1980,4071
SIA,1981,4230
SIA,1982,4375
SIA,1983,4538
SIA,1984,4720
SIA,1985,4862
SIA,1986,5053
SIA,1987,5453
SIA,1988,6089
SIA,1989,6735
SIA,1990,7385
SIA,1991,7849.7446
SIA,1992,8409.0205
SIA,1993,8964.292
SIA,1994,9499.518
SIA,1995,10080.208
SIA,1996,10458.358
SIA,1997,9995.618
SIA,1998,9077.748
SIA,1999,9347.061
SIA,2000,9627.1045
TUR,1945,1452
TUR,1946,1831
TUR,1947,1890
TUR,1948,2098
TUR,1949,1946
TUR,1950,2079
TUR,1951,2299
TUR,1952,2522
TUR,1953,2745
TUR,1954,2609
TUR,1955,2754
TUR,1956,2777
TUR,1957,2920
TUR,1958,2973
TUR,1959,3030
TUR,1960,3041
TUR,1961,3022
TUR,1962,3142
TUR,1963,3374
TUR,1964,3453
TUR,1965,3481
TUR,1966,3824
TUR,1967,3929
TUR,1968,4122
TUR,1969,4267
TUR,1970,4398
TUR,1971,4715
TUR,1972,4929
TUR,1973,5050
TUR,1974,5353
TUR,1975,5719
TUR,1976,6110
TUR,1977,6271
TUR,1978,6350
TUR,1979,6204
TUR,1980,6070
TUR,1981,6201
TUR,1982,6381
TUR,1983,6489
TUR,1984,6736
TUR,1985,6958
TUR,1986,7323
TUR,1987,7838
TUR,1988,8019
TUR,1989,7992
TUR,1990,8606
TUR,1991,8658.379
TUR,1992,9150.435
TUR,1993,9865.301
TUR,1994,9308.695
TUR,1995,9962.536
TUR,1996,10644.634
TUR,1997,11432.437
TUR,1998,11772.83
TUR,1999,11151.674
TUR,2000,11904.008
SOV,1946,3049
SOV,1947,3389
SOV,1948,3829
SOV,1949,4181
SOV,1950,4529
SOV,1951,4473
SOV,1952,4682
SOV,1953,4803
SOV,1954,4951
SOV,1955,5281
SOV,1956,5684
SOV,1957,5700
SOV,1958,6020
SOV,1959,5848
SOV,1960,6288
SOV,1961,6532
SOV,1962,6599
SOV,1963,6352
SOV,1964,7076
SOV,1965,7387
SOV,1966,7657
SOV,1967,7911
SOV,1968,8292
SOV,1969,8329
SOV,1970,8886
SOV,1971,9033
SOV,1972,8995
SOV,1973,9658
SOV,1974,9844
SOV,1975,9779
SOV,1976,10143
SOV,1977,10288
SOV,1978,10455
SOV,1979,10316
SOV,1980,10245
SOV,1981,10254
SOV,1982,10418
SOV,1983,10659
SOV,1984,10694
SOV,1985,10692
SOV,1986,11035
SOV,1987,11081
SOV,1988,11226
SOV,1989,11336
SOV,1990,10989
SOV,1991,10388.253
SOV,1992,8977.548
SOV,1993,8199.73
SOV,1994,7166.3936
SOV,1995,6887.73
SOV,1996,6786.942
SOV,1997,7031.83
SOV,1998,6975.524
SOV,1999,7419.676
SOV,2000,8193.516
ENG,1945,11247
ENG,1946,10751
ENG,1947,10527
ENG,1948,10753
ENG,1949,11088
ENG,1950,11061
ENG,1951,11354
ENG,1952,11303
ENG,1953,11709
ENG,1954,12145
ENG,1955,12541
ENG,1956,12639
ENG,1957,12779
ENG,1958,12698
ENG,1959,13134
ENG,1960,13780
ENG,1961,14118
ENG,1962,14131
ENG,1963,14583
ENG,1964,15251
ENG,1965,15545
ENG,1966,15757
ENG,1967,16018
ENG,1968,16593
ENG,1969,16820
ENG,1970,17162
ENG,1971,17440
ENG,1972,18002
ENG,1973,19168
ENG,1974,18903
ENG,1975,18884
ENG,1976,19311
ENG,1977,19740
ENG,1978,20448
ENG,1979,20988
ENG,1980,20612
ENG,1981,20319
ENG,1982,20650
ENG,1983,21366
ENG,1984,21869
ENG,1985,22579
ENG,1986,23498
ENG,1987,24536
ENG,1988,25679
ENG,1989,26164
ENG,1990,26189
ENG,1991,25792.014
ENG,1992,25790.186
ENG,1993,26349.342
ENG,1994,27277.543
ENG,1995,27861.215
ENG,1996,28472.248
ENG,1997,29259.764
ENG,1998,30077.385
ENG,1999,30932.537
ENG,2000,31946.037
USA,1945,16477.553
USA,1946,14822.467
USA,1947,14311.547
USA,1948,14734.232
USA,1949,14196.672
USA,1950,15240
USA,1951,16125
USA,1952,16444
USA,1953,16917
USA,1954,16512
USA,1955,17370
USA,1956,17397
USA,1957,17406
USA,1958,16946
USA,1959,17900
USA,1960,18057
USA,1961,18175
USA,1962,18976
USA,1963,19514
USA,1964,20360
USA,1965,21390
USA,1966,22529
USA,1967,22842
USA,1968,23691
USA,1969,24195
USA,1970,23958
USA,1971,24394
USA,1972,25414
USA,1973,26602
USA,1974,26286
USA,1975,25956
USA,1976,27058
USA,1977,28001
USA,1978,29286
USA,1979,29949
USA,1980,29611
USA,1981,30056
USA,1982,29210
USA,1983,30158
USA,1984,32076
USA,1985,33023
USA,1986,33850
USA,1987,34730
USA,1988,35863
USA,1989,36756
USA,1990,36982
USA,1991,36463.957
USA,1992,37240.3
USA,1993,37761.535
USA,1994,38807.28
USA,1995,39390.625
USA,1996,40412.75
USA,1997,41722.67
USA,1998,43072.758
USA,1999,44575.848
USA,2000,45886.47
VEN,1945,5808
VEN,1946,6655
VEN,1947,6500
VEN,1948,7712
VEN,1949,7828
VEN,1950,8462
VEN,1951,9039
VEN,1952,9309
VEN,1953,9500
VEN,1954,10020
VEN,1955,10501
VEN,1956,11136
VEN,1957,11923
VEN,1958,11615
VEN,1959,12078
VEN,1960,12116
VEN,1961,12231
VEN,1962,12848
VEN,1963,13232
VEN,1964,14019
VEN,1965,14347
VEN,1966,14174
VEN,1967,14250
VEN,1968,14520
VEN,1969,14655
VEN,1970,15289
VEN,1971,15192
VEN,1972,15135
VEN,1973,15540
VEN,1974,15943
VEN,1975,16385
VEN,1976,17174
VEN,1977,17693
VEN,1978,17481
VEN,1979,17135
VEN,1980,16270
VEN,1981,15750
VEN,1982,15423
VEN,1983,14155
VEN,1984,13597
VEN,1985,13270
VEN,1986,13751
VEN,1987,13866
VEN,1988,14308
VEN,1989,12750
VEN,1990,13251
VEN,1991,14274.525
VEN,1992,14901.616
VEN,1993,14693.902
VEN,1994,14129.278
VEN,1995,14448.282
VEN,1996,14211.81
VEN,1997,14894.337
VEN,1998,14739.051
VEN,1999,13669.484
VEN,2000,13992.608
YUG,1947,1930
YUG,1948,2273
YUG,1949,2463
YUG,1950,2276
YUG,1951,2335
YUG,1952,2125
YUG,1953,2289
YUG,1954,2335
YUG,1955,2721
YUG,1956,2560
YUG,1957,3045
YUG,1958,3084
YUG,1959,3547
YUG,1960,3778
YUG,1961,3950
YUG,1962,4041
YUG,1963,4481
YUG,1964,4941
YUG,1965,4981
YUG,1966,5311
YUG,1967,5378
YUG,1968,5523
YUG,1969,6001
YUG,1970,6288
YUG,1971,6730
YUG,1972,6948
YUG,1973,7226
YUG,1974,7767
YUG,1975,7976
YUG,1976,8207
YUG,1977,8780
YUG,1978,9283
YUG,1979,9873
YUG,1980,10037
YUG,1981,10106
YUG,1982,10080
YUG,1983,9907
YUG,1984,10029
YUG,1985,10009
YUG,1986,10299
YUG,1987,10119
YUG,1988,9884
YUG,1989,9887
YUG,1990,9000
YUG,1991,7867.96
YUG,1992,6506.902
YUG,1993,5552.537
YUG,1994,5851.691
YUG,1995,6285.9087
YUG,1996,6938.2065
YUG,1997,7697.6787
YUG,1998,8152.854
YUG,1999,8035.612
YUG,2000,8472.589
