id,name,picture,state_flag,map_color
1,Appalachian,GFX_Appalachian_Culture,State_Culture_Appalachian,84 107 146
2,Yankee,GFX_Yankee_Culture,State_Culture_Yankee,109 141 162
3,Dixie,GFX_Dixie_Culture,State_Culture_Dixie,69 130 50
4,Americo-Liberian,GFX_Americo_Liberian_Culture,State_Culture_Americo_Liberian,140 136 170
5,West Coaster,GFX_West_Coaster_Culture,State_Culture_West_Coaster,156 59 79
6,Canadian,GFX_Canadian_Culture,State_Culture_Canadian,164 99 99
7,Native American,GFX_Native_American_Culture,State_Culture_Native_American,170 112 126
8,African-American,GFX_African_American_Culture,State_Culture_African_American,41 109 41
9,Inuit,GFX_Inuit_Culture,State_Culture_Inuit,155 173 199
10,Midwesterner,GFX_Midwesterner_Culture,State_Culture_Midwesterner,96 118 156
11,New Englander,GFX_New_Englander_Culture,State_Culture_New_Englander,122 139 169
12,South Westerner,GFX_South_Westerner_Culture,State_Culture_South_Westerner,75 83 131
13,Texan,GFX_Texan_Culture,State_Culture_Texan,71 88 188
14,Latino-American,GFX_Latino_American_Culture,State_Culture_Latino_American,74 64 167
15,Basque,GFX_Basque_Culture,State_Culture_Basque,95 116 80
16,Arpitan,GFX_Arpitan_Culture,State_Culture_Arpitan,45 72 119
17,English,GFX_English_Culture,State_Culture_English,178 76 68
18,Scottish,GFX_Scottish_Culture,State_Culture_Scottish,163 168 143
19,Welsh,GFX_Welsh_Culture,State_Culture_Welsh,163 168 143
20,Irish,GFX_Irish_Culture,State_Culture_Irish,48 126 77
21,Ulster Irish,GFX_Ulster_Irish_Culture,State_Culture_Ulster_Irish,181 181 69
22,Breton,GFX_Breton_Culture,State_Culture_Breton,82 82 82
23,West Indian,GFX_West_Indian_Culture,State_Culture_West_Indian,72 120 190
24,Jamaican,GFX_Jamaican_Culture,State_Culture_Jamaican,87 108 158
25,Australian,GFX_Australian_Culture,State_Culture_Australian,67 122 92
26,New Zealander,GFX_New_Zealander_Culture,State_Culture_New_Zealander,66 57 128
27,Rhodesian,GFX_Rhodesian_Culture,State_Culture_Rhodesian,199 76 96
28,Finnish,GFX_Finnish_Culture,State_Culture_Finnish,179 184 194
29,Estonian,GFX_Estonian_Culture,State_Culture_Estonian,55 85 104
30,Hungarian,GFX_Hungarian_Culture,State_Culture_Hungarian,129 86 91
31,Mordvin,GFX_Mordvin_Culture,State_Culture_Mordvin,119 54 143
32,Somali,GFX_Somali_Culture,State_Culture_Somali,95 147 199
33,Oromo,GFX_Oromo_Culture,State_Culture_Oromo,199 199 163
34,Afari,GFX_Afari_Culture,State_Culture_Afari,87 33 33
35,Borona,GFX_Borona_Culture,State_Culture_Borona,128 158 87
36,Mai-Mai,GFX_Mai_Mai_Culture,State_Culture_Mai_Mai,158 87 149
37,Harari,GFX_Harari_Culture,State_Culture_Harari,56 147 65
38,Beja,GFX_Beja_Culture,State_Culture_Beja,64 145 168
39,Sidama,GFX_Sidama_Culture,State_Culture_Sidama,130 89 49
40,Khoisan,GFX_Khoisan_Culture,State_Culture_Khoisan,199 92 76
41,Tamil,GFX_Tamil_Culture,State_Culture_Tamil,82 67 67
42,Malyali,GFX_Malyali_Culture,State_Culture_Malyali,87 158 146
43,Kannada,GFX_Kannada_Culture,State_Culture_Kannada,178 103 68
44,Telegu,GFX_Telegu_Culture,State_Culture_Telegu,199 145 76
45,Turkish,GFX_Turkish_Culture,State_Culture_Turkish,130 49 49
46,Azeri,GFX_Azeri_Culture,State_Culture_Azeri,63 82 64
47,Shilha,GFX_Shilha_Culture,State_Culture_Shilha,146 59 62
48,Iwellemmedan,GFX_Iwellemmedan_Culture,State_Culture_Iwellemmedan,116 116 116
49,Zenata,GFX_Zenata_Culture,State_Culture_Zenata,109 68 68
50,Kabyle,GFX_Kabyle_Culture,State_Culture_Kabyle,41 108 59
51,Albanian,GFX_Albanian_Culture,State_Culture_Albanian,127 60 83
52,Kosovoan,GFX_Kosovoan_Culture,State_Culture_Kosovoan,76 76 199
53,Roma,GFX_Roma_Culture,State_Culture_Roma,48 128 106
54,Punjabi,GFX_Punjabi_Culture,State_Culture_Punjabi,170 164 113
55,Hindi,GFX_Hindi_Culture,State_Culture_Hindi,199 115 76
56,Gujarati,GFX_Gujarati_Culture,State_Culture_Gujarati,199 140 113
57,Kashmiri,GFX_Kashmiri_Culture,State_Culture_Kashmiri,176 158 126
58,Bengali,GFX_Bengali_Culture,State_Culture_Bengali,34 89 77
59,Odia,GFX_Odia_Culture,State_Culture_Odia,199 120 113
60,Nepali,GFX_Nepali_Culture,State_Culture_Nepali,139 123 107
61,Assamese,GFX_Assamese_Culture,State_Culture_Assamese,199 182 76
62,Latvian,GFX_Latvian_Culture,State_Culture_Latvian,101 65 62
63,Lithuanian,GFX_Lithuanian_Culture,State_Culture_Lithuanian,116 108 86
64,Samogitian,GFX_Samogitian_Culture,State_Culture_Samogitian,130 112 96
65,Papuan,GFX_Papuan_Culture,State_Culture_Papuan,64 70 102
66,Malay,GFX_Malay_Culture,State_Culture_Malay,149 65 72
67,Javanese,GFX_Javanese_Culture,State_Culture_Javanese,75 108 75
68,Bornean,GFX_Bornean_Culture,State_Culture_Bornean,44 88 116
69,Moluccan,GFX_Moluccan_Culture,State_Culture_Moluccan,31 54 82
70,Malagasay,GFX_Malagasay_Culture,State_Culture_Malagasay,199 109 154
71,Polynesian,GFX_Polynesian_Culture,State_Culture_Polynesian,55 55 144
72,Taglog,GFX_Taglog_Culture,State_Culture_Taglog,140 136 170
73,Timorese,GFX_Timorese_Culture,State_Culture_Timorese,185 78 70
74,Batak,GFX_Batak_Culture,State_Culture_Batak,57 82 63
75,Degar,GFX_Degar_Culture,State_Culture_Degar,158 125 87
76,Aboriginal,GFX_Aboriginal_Culture,State_Culture_Aboriginal,75 137 89
77,Kongo,GFX_Kongo_Culture,State_Culture_Kongo,187 74 71
78,Luba,GFX_Luba_Culture,State_Culture_Luba,156 189 133
79,Xhosa,GFX_Xhosa_Culture,State_Culture_Xhosa,199 122 76
80,Zulu,GFX_Zulu_Culture,State_Culture_Zulu,192 168 73
81,Swahili,GFX_Swahili_Culture,State_Culture_Swahili,182 78 84
82,Fula,GFX_Fula_Culture,State_Culture_Fula,113 107 87
83,Yoruba,GFX_Yoruba_Culture,State_Culture_Yoruba,159 80 199
84,Igbo,GFX_Igbo_Culture,State_Culture_Igbo,89 83 62
85,Kikuyu,GFX_Kikuyu_Culture,State_Culture_Kikuyu,87 60 33
86,Kalanga,GFX_Kalanga_Culture,State_Culture_Kalanga,121 155 186
87,Gandan,GFX_Gandan_Culture,State_Culture_Gandan,105 87 158
88,Hutu,GFX_Hutu_Culture,State_Culture_Hutu,176 153 178
89,Rundi,GFX_Rundi_Culture,State_Culture_Rundi,90 158 87
90,Fang,GFX_Fang_Culture,State_Culture_Fang,133 120 151
91,Teke,GFX_Teke_Culture,State_Culture_Teke,158 87 111
92,Ovimbundu,GFX_Ovimbundu_Culture,State_Culture_Ovimbundu,80 107 62
93,Mande,GFX_Mande_Culture,State_Culture_Mande,136 123 66
94,Chokwe,GFX_Chokwe_Culture,State_Culture_Chokwe,149 57 57
95,Minor Sub-Saharan,GFX_Minor_Sub_Saharan_Culture,State_Culture_Minor_Sub_Saharan,170 87 68
96,Mongo,GFX_Mongo_Culture,State_Culture_Mongo,184 70 70
97,Akan,GFX_Akan_Culture,State_Culture_Akan,115 104 44
98,Shona,GFX_Shona_Culture,State_Culture_Shona,189 81 72
99,Gbaya,GFX_Gbaya_Culture,State_Culture_Gbaya,32 48 85
100,Antilliaan,GFX_Antilliaan_Culture,State_Culture_Antilliaan,163 168 143
101,Bamileke,GFX_Bamileke_Culture,State_Culture_Bamileke,165 170 149
102,Bemba,GFX_Bemba_Culture,State_Culture_Bemba,145 184 119
103,Zande,GFX_Zande_Culture,State_Culture_Zande,162 62 86
104,Cantonese,GFX_Cantonese_Culture,State_Culture_Cantonese,75 160 84
105,Han,GFX_Han_Culture,State_Culture_Han,57 104 149
106,U-Tsangese,GFX_Tibetan_Culture,State_Culture_Tibetan,139 128 133
107,Bamar,GFX_Bamar_Culture,State_Culture_Bamar,128 103 113
108,Gan,GFX_Gan_Culture,State_Culture_Gan,42 61 110
109,Hakka,GFX_Hakka_Culture,State_Culture_Hakka,68 143 93
110,Jin,GFX_Gin_Culture,State_Culture_Gin,34 77 90
111,Manchu,GFX_Manchu_Culture,State_Culture_Manchu,199 120 91
112,Bhutonese,GFX_Bhutanese_Culture,State_Culture_Bhutanese,190 125 79
113,Miao,GFX_Miao_Culture,State_Culture_Miao,49 91 129
114,Dutch,GFX_Dutch_Culture,State_Culture_Dutch,160 116 82
115,Frisian,GFX_Frisian_Culture,State_Culture_Frisian,144 104 74
116,Limburgish,GFX_Limburgish_Culture,State_Culture_Limburgish,166 109 95
117,Flemish,GFX_Flemish_Culture,State_Culture_Flemish,109 41 41
118,Luxembourgish,GFX_Luxembourgish_Culture,State_Culture_Luxembourgish,61 160 158
119,Afrikaans,GFX_Afrikaans_Culture,State_Culture_Afrikaans,199 122 76
120,Wallonian,GFX_Wallonian_Culture,State_Culture_Wallonian,195 195 74
121,Indos,GFX_Indos_Culture,State_Culture_Indos,65 94 66
122,Indo-Surinamer,GFX_Indo_Surinamer_Culture,State_Culture_Indo_Surinamer,87 132 158
123,Central Sudanic,GFX_Central_Sudanic_Culture,State_Culture_Central_Sudanic,49 93 130
124,Eastern Sudanic,GFX_Eastern_Sudanic_Culture,State_Culture_Eastern_Sudanic,71 134 186
125,Fur,GFX_Fur_Culture,State_Culture_Fur,175 67 79
126,Luo,GFX_Luo_Culture,State_Culture_Luo,88 64 60
127,Bosniak,GFX_Bosniak_Culture,State_Culture_Bosniak,76 199 134
128,Bulgarian,GFX_Bulgarian_Culture,State_Culture_Bulgarian,57 149 102
129,Croat,GFX_Croat_Culture,State_Culture_Croat,199 92 159
130,Macedonian,GFX_Macedonian_Culture,State_Culture_Macedonian,199 114 76
131,Montenegrin,GFX_Montenegrin_Culture,State_Culture_Montenegrin,199 173 79
132,Serb,GFX_Serb_Culture,State_Culture_Serb,81 74 94
133,Slovene,GFX_Slovene_Culture,State_Culture_Slovene,33 33 87
134,Polish,GFX_Polish_Culture,State_Culture_Polish,167 101 109
135,Sorbian,GFX_Sorbian_Culture,State_Culture_Sorbian,87 87 87
136,Czech,GFX_Czech_Culture,State_Culture_Czech,57 107 149
137,Slovak,GFX_Slovak_Culture,State_Culture_Slovak,199 76 81
138,Low German,GFX_Low_German_Culture,State_Culture_Low_German,120 120 120
139,Austrian,GFX_Austrian_Culture,State_Culture_Austrian,169 172 183
140,Swiss,GFX_Swiss_Culture,State_Culture_Swiss,190 72 72
141,Bavarian,GFX_Bavarian_Culture,State_Culture_Bavarian,58 126 152
142,Rhinelander,GFX_Rhinelander_Culture,State_Culture_Rhinelander,118 46 46
143,German Belgians,GFX_German_Belgians_Culture,State_Culture_German_Belgians,199 169 76
144,Alemannic,GFX_Alemannic_Culture,State_Culture_Alemannic,98 98 98
145,Romanian,GFX_Romanian_Culture,State_Culture_Romanian,183 150 92
146,Northern Italian,GFX_Northern_Italian_Culture,State_Culture_Northern_Italian,70 108 67
147,French,GFX_French_Culture,State_Culture_French,53 85 140
148,Spanish,GFX_Spanish_Culture,State_Culture_Spanish,167 136 84
149,Portuguese,GFX_Portuguese_Culture,State_Culture_Portuguese,72 88 72
150,Quebecois,GFX_Quebecois_Culture,State_Culture_Quebecois,49 76 130
151,Sardinian,GFX_Sardinian_Culture,State_Culture_Sardinian,58 69 110
152,Catalan,GFX_Catalan_Culture,State_Culture_Catalan,199 182 76
153,Occitan,GFX_Occitan_Culture,State_Culture_Occitan,62 123 162
154,Corsican,GFX_Corsican_Culture,State_Culture_Corsican,70 112 184
155,Maltese,GFX_Maltese_Culture,State_Culture_Maltese,136 52 52
156,Pied-Noir,GFX_Pied_Noir_Culture,State_Culture_Pied_Noir,31 82 56
157,Sicilian,GFX_Sicilian_Culture,State_Culture_Sicilian,154 137 79
158,Moldovan,GFX_Moldovan_Culture,State_Culture_Moldovan,69 93 51
159,Andalusian,GFX_Andalusian_Culture,State_Culture_Andalusian,33 87 60
160,Southern Italian,GFX_Southern_Italian_Culture,State_Culture_Southern_Italian,60 93 58
161,Haitian,GFX_Haitian_Culture,State_Culture_Haitian,148 109 109
162,Cajun,GFX_Cajun_Culture,State_Culture_Cajun,67 97 116
163,Acadian,GFX_Acadian_Culture,State_Culture_Acadian,152 158 87
164,Norwegian,GFX_Norwegian_Culture,State_Culture_Norwegian,102 136 135
165,Icelandic,GFX_Icelandic_Culture,State_Culture_Icelandic,101 117 149
166,Swedish,GFX_Swedish_Culture,State_Culture_Swedish,67 92 116
167,Danish,GFX_Danish_Culture,State_Culture_Danish,154 118 109
168,Faroese,GFX_Faroese_Culture,State_Culture_Faroese,161 121 123
169,Tuvan,GFX_Tuvan_Culture,State_Culture_Tuvan,137 123 162
170,Turkmen,GFX_Turkmen_Culture,State_Culture_Turkmen,62 108 58
171,Uyghur,GFX_Uyghur_Culture,State_Culture_Uyghur,102 149 192
172,Kazakh,GFX_Kazakh_Culture,State_Culture_Kazakh,63 153 165
173,Uzbek,GFX_Uzbek_Culture,State_Culture_Uzbek,78 115 111
174,Kyrgyz,GFX_Kyrgyz_Culture,State_Culture_Kyrgyz,82 47 41
175,Mongolian,GFX_Mongolian_Culture,State_Culture_Mongolian,158 199 139
176,Buryatian,GFX_Buryatian_Culture,State_Culture_Buryatian,119 79 108
177,Byelorussian,GFX_Byelorussian_Culture,State_Culture_Byelorussian,52 105 76
178,Russian,GFX_Russian_Culture,State_Culture_Russian,54 108 52
179,Ukrainian,GFX_Ukrainian_Culture,State_Culture_Ukrainian,37 66 95
180,Rusyn,GFX_Rusyn_Culture,State_Culture_Rusyn,67 146 177
181,Armenian,GFX_Armenian_Culture,State_Culture_Armenian,84 105 82
182,Circassian,GFX_Circassian_Culture,State_Culture_Circassian,143 184 122
183,Chechen,GFX_Chechen_Culture,State_Culture_Chechen,43 82 43
184,Dagestani,GFX_Dagestani_Culture,State_Culture_Dagestani,143 87 158
185,Georgian,GFX_Georgian_Culture,State_Culture_Georgian,91 42 39
186,Karachay,GFX_Karachay_Culture,State_Culture_Karachay,184 122 152
187,Ossetian,GFX_Ossetian_Culture,State_Culture_Ossetian,79 119 97
188,Balochi,GFX_Balochi_Culture,State_Culture_Balochi,64 169 81
189,Kurdish,GFX_Kurdish_Culture,State_Culture_Kurdish,76 123 199
190,Pashto,GFX_Pashto_Culture,State_Culture_Pashto,157 60 60
191,Persian,GFX_Persian_Culture,State_Culture_Persian,64 95 68
192,Tajik,GFX_Tajik_Culture,State_Culture_Tajik,57 88 55
193,Hazara,GFX_Hazara_Culture,State_Culture_Hazara,191 191 191
194,Aimaq,GFX_Aimaq_Culture,State_Culture_Aimaq,191 191 191
195,Ashkenazi,GFX_Ashkenazi_Culture,State_Culture_Ashkenazi,105 146 179
196,Mizrahi,GFX_Mizrahi_Culture,State_Culture_Mizrahi,157 89 97
197,Sephardi,GFX_Sephardi_Culture,State_Culture_Sephardi,181 74 104
198,Beta Israeli,GFX_Beta_Israeli_Culture,State_Culture_Beta_Israeli,161 103 122
199,Japanese,GFX_Japanese_Culture,State_Culture_Japanese,191 191 191
200,Ryukuan,GFX_Ryukuan_Culture,State_Culture_Ryukuan,96 118 156
201,Ainu,GFX_Ainu_Culture,State_Culture_Ainu,173 66 66
202,Druze,GFX_Druze_Culture,State_Culture_Druze,107 114 137
203,Jordanian,GFX_Jordanian_Culture,State_Culture_Jordanian,85 47 47
204,Lebanese,GFX_Lebanese_Culture,State_Culture_Lebanese,115 128 70
205,Palestinian,GFX_Palestinian_Culture,State_Culture_Palestinian,119 171 184
206,Syrian,GFX_Syrian_Culture,State_Culture_Syrian,96 96 128
207,Iraqi,GFX_Iraqi_Culture,State_Culture_Iraqi,151 110 101
208,Khaleeji,GFX_Khaleeji_Culture,State_Culture_Khaleeji,155 162 91
209,Bedouin,GFX_Bedouin_Culture,State_Culture_Bedouin,79 123 79
210,Mahri,GFX_Mahri_Culture,State_Culture_Mahri,199 80 80
211,Omani,GFX_Omani_Culture,State_Culture_Omani,170 65 65
212,Yemeni,GFX_Yemeni_Culture,State_Culture_Yemeni,110 67 61
213,Masri,GFX_Masri_Culture,State_Culture_Masri,163 139 62
214,Algerian,GFX_Algerian_Culture,State_Culture_Algerian,33 87 60
215,Moroccan,GFX_Moroccan_Culture,State_Culture_Moroccan,164 66 70
216,Tunisian,GFX_Tunisian_Culture,State_Culture_Tunisian,196 75 85
217,Libyan,GFX_Libyan_Culture,State_Culture_Libyan,170 157 100
218,Sudanese Arab,GFX_Sudanese_Arab_Culture,State_Culture_Sudanese_Arab,57 107 149
219,Mandaen,GFX_Mandaen_Culture,State_Culture_Mandaen,143 99 89
220,Assyrian,GFX_Assyrian_Culture,State_Culture_Assyrian,76 195 199
221,Amhara,GFX_Amhara_Culture,State_Culture_Amhara,66 120 173
222,Tigrayan,GFX_Tigrayan_Culture,State_Culture_Tigrayan,152 171 187
223,Haratin,GFX_Haratin_Culture,State_Culture_Haratin,112 128 56
224,Hausa,GFX_Hausa_Culture,State_Culture_Hausa,195 114 74
225,Coptic,GFX_Coptic_Culture,State_Culture_Coptic,185 131 70
226,Tigre,GFX_Tigre_Culture,State_Culture_Tigre,165 187 193
227,Arab-Berber,GFX_Arab_Berber_Culture,State_Culture_Arab_Berber,82 110 49
228,Amish,GFX_Amish_Culture,State_Culture_Amish,135 140 175
229,Peruvian,GFX_Peruvian_Culture,State_Culture_Peruvian,168 164 173
230,Brazilian,GFX_Brazilian_Culture,State_Culture_Brazilian,47 124 80
231,Colombian,GFX_Colombian_Culture,State_Culture_Colombian,199 155 93
232,Dominican,GFX_Dominican_Culture,State_Culture_Dominican,137 123 162
233,Mexican,GFX_Mexican_Culture,State_Culture_Mexican,34 88 71
234,Nahua,GFX_Nahua_Culture,State_Culture_Nahua,42 110 72
235,Cuban,GFX_Cuban_Culture,State_Culture_Cuban,125 77 141
236,Puerto-Rican,GFX_Puerto_Rican_Culture,State_Culture_Puerto_Rican,67 129 175
237,Quechua,GFX_Quechua_Culture,State_Culture_Quechua,196 138 75
238,Afro-Latino,GFX_Afro_Latino_Culture,State_Culture_Afro_Latino,163 168 143
239,Nuba,GFX_Nuba_Culture,State_Culture_Nuba,87 158 122
240,Rioplatense,GFX_Rioplatense_Culture,State_Culture_Rioplatense,121 157 190
241,Duitse Namibiers,GFX_Duitse_Namibiers_Culture,State_Culture_Duitse_Namibiers,48 76 102
242,Tonkinese,GFX_Tonkinese_Culture,State_Culture_Tonkinese,53 85 140
243,Laotian,GFX_Laotian_Culture,State_Culture_Laotian,82 77 31
244,Khmer,GFX_Khmer_Culture,State_Culture_Khmer,180 125 68
245,Thai,GFX_Thai_Culture,State_Culture_Thai,146 161 166
246,Muong,GFX_Muong_Culture,State_Culture_Muong,62 123 162
247,Tay,GFX_Tay_Culture,State_Culture_Tay,31 54 82
248,Cham,GFX_Cham_Culture,State_Culture_Cham,91 88 177
249,Montagnard,GFX_Montagnard_Culture,State_Culture_Montagnard,47 124 84
250,Karen,GFX_Karen_Culture,State_Culture_Karen,128 103 113
251,Tai Yuan,GFX_Tai_Yuan_Culture,State_Culture_Tai_Yuan,170 180 183
252,Kuy,GFX_Kuy_Culture,State_Culture_Kuy,158 102 87
253,Shan,GFX_Shan_Culture,State_Culture_Shan,156 151 62
254,Karenni,GFX_Karenni_Culture,State_Culture_Karenni,128 103 113
255,Rakhine,GFX_Rakhine_Culture,State_Culture_Rakhine,128 103 113
256,Rohingya,GFX_Rohingya_Culture,State_Culture_Rohingya,137 114 129
257,Pacific Islander,GFX_Pacific_Islander_Culture,State_Culture_Pacific_Islander,76 137 199
258,Aramean,GFX_Aramean_Culture,State_Culture_Aramean,119 119 146
259,Ahwari,GFX_Ahwari_Culture,State_Culture_Ahwari,158 114 116
260,Lurish,GFX_Lurish_Culture,State_Culture_Lurish,77 109 73
261,Hui,GFX_Hui_Culture,State_Culture_Hui,95 85 112
262,Korean,GFX_Korean_Culture,State_Culture_Korean,39 66 102
263,Fujianese,GFX_Fujianese_Culture,State_Culture_Fujianese,75 108 196
264,Zhuang,GFX_Zhuang_Culture,State_Culture_Zhuang,60 126 82
265,Wu,GFX_Wu_Culture,State_Culture_Wu,75 166 196
266,Sichuanese,GFX_Sichuanese_Culture,State_Culture_Sichuanese,64 143 168
267,Xiang,GFX_Xiang_Culture,State_Culture_Xiang,71 131 188
268,Yi,GFX_Yi_Culture,State_Culture_Yi,119 95 45
269,Formosan,GFX_Formosan_Culture,State_Culture_Formosan,75 166 196
270,Pomak,GFX_Pomak_Culture,State_Culture_Pomak,140 67 88
271,Greek,GFX_Greek_Culture,State_Culture_Greek,123 60 63
272,Afro-Dutch,GFX_Afro_Dutch_Culture,State_Culture_Afro_Dutch,87 93 158
273,Acehnese,GFX_Acehnese_Culture,State_Culture_Acehnese,114 144 106
274,Lampung,GFX_Lampung_Culture,State_Culture_Lampung,106 144 116
275,Minangkabau,GFX_Minangkabau_Culture,State_Culture_Minangkabau,62 82 57
276,Rejang,GFX_Rejang_Culture,State_Culture_Rejang,57 82 57
277,Sasak,GFX_Sasak_Culture,State_Culture_Sasak,197 164 101
278,Balinese,GFX_Balinese_Culture,State_Culture_Balinese,192 179 73
279,Minahasa,GFX_Minahasa_Culture,State_Culture_Minahasa,199 190 116
280,Sulawesi,GFX_Sulawesi_Culture,State_Culture_Sulawesi,195 183 86
281,Hmong,GFX_Hmong_Culture,State_Culture_Hmong,199 114 76
282,Maori,GFX_Maori_Culture,State_Culture_Maori,65 74 145
283,Chin,GFX_Chin_Culture,State_Culture_Chin,156 151 126
284,Kachin,GFX_Kachin_Culture,State_Culture_Kachin,82 77 116
285,Mon,GFX_Mon_Culture,State_Culture_Mon,128 103 113
286,Naga,GFX_Naga_Culture,State_Culture_Naga,199 115 76
287,Wa,GFX_Wa_Culture,State_Culture_Wa,174 144 69
288,Sinhalese,GFX_Sinhalese_Culture,State_Culture_Sinhalese,126 51 63
289,Bubi,GFX_Bubi_Culture,State_Culture_Bubi,70 142 135
290,Melanesian,GFX_Melanesian_Culture,State_Culture_Melanesian,153 100 58
291,Comorian,GFX_Comorian_Culture,State_Culture_Comorian,85 120 194
292,Indo-Caribbean,GFX_Indo_Caribbean_Culture,State_Culture_Indo_Caribbean,187 149 130
293,Amerindian,GFX_Amerindian_Culture,State_Culture_Amerindian,199 139 107
294,Guyanese,GFX_Guyanese_Culture,State_Culture_Guyanese,163 168 143
295,Sahrawi,GFX_Sahrawi_Culture,State_Culture_Sahrawi,101 132 114
296,Sotho,GFX_Sotho_Culture,State_Culture_Sotho,51 68 135
297,Tswana,GFX_Tswana_Culture,State_Culture_Tswana,199 122 76
298,Venda,GFX_Venda_Culture,State_Culture_Venda,199 122 76
299,Swazi,GFX_Swazi_Culture,State_Culture_Swazi,78 142 199
300,Indian African,GFX_Indian_African_Culture,State_Culture_Indian_African,87 33 33
301,Makua,GFX_Makua_Culture,State_Culture_Makua,36 96 91
302,Sena,GFX_Sena_Culture,State_Culture_Sena,44 31 82
303,Tsonga,GFX_Tsonga_Culture,State_Culture_Tsonga,45 118 94
304,Ndebele,GFX_Ndebele_Culture,State_Culture_Ndebele,168 72 64
305,Yao,GFX_Yao_Culture,State_Culture_Yao,151 131 156
306,Chewa,GFX_Chewa_Culture,State_Culture_Chewa,147 119 146
307,Tumbuka,GFX_Tumbuka_Culture,State_Culture_Tumbuka,139 107 137
308,Ngoni,GFX_Ngoni_Culture,State_Culture_Ngoni,195 175 93
309,Tonga,GFX_Tonga_Culture,State_Culture_Tonga,198 158 108
310,Barotse,GFX_Barotse_Culture,State_Culture_Barotse,55 107 43
311,Herero,GFX_Herero_Culture,State_Culture_Herero,78 92 53
312,Kavango,GFX_Kavango_Culture,State_Culture_Kavango,40 53 85
313,Ovambo,GFX_Ovambo_Culture,State_Culture_Ovambo,61 82 48
314,Ganguela,GFX_Ganguela_Culture,State_Culture_Ganguela,61 82 48
315,Kimbundu,GFX_Kimbundu_Culture,State_Culture_Kimbundu,199 180 76
316,Mauritian,GFX_Mauritian_Culture,State_Culture_Mauritian,87 120 75
317,Seychellois,GFX_Seychellois_Culture,State_Culture_Seychellois,82 113 199
318,Shirazi,GFX_Shirazi_Culture,State_Culture_Shirazi,114 158 87
319,Shanghainese,GFX_Shanghainese_Culture,State_Culture_Shanghainese,34 63 90
320,Macanese,GFX_Macanese_Culture,State_Culture_Macanese,38 99 88
321,Ngala,GFX_Ngala_Culture,State_Culture_Ngala,119 45 45
322,Ngombe,GFX_Ngombe_Culture,State_Culture_Ngombe,199 105 76
323,Baboa,GFX_Baboa_Culture,State_Culture_Baboa,97 51 37
324,Komo,GFX_Komo_Culture,State_Culture_Komo,140 53 53
325,Tutsi,GFX_Tutsi_Culture,State_Culture_Tutsi,179 166 185
326,Lunda,GFX_Lunda_Culture,State_Culture_Lunda,177 193 147
327,Banda,GFX_Banda_Culture,State_Culture_Banda,41 76 107
328,Hong Konger,GFX_Hong_Konger_Culture,State_Culture_Hong_Konger,199 76 81
329,Sara,GFX_Sara_Culture,State_Culture_Sara,155 122 59
330,Beti,GFX_Beti_Culture,State_Culture_Beti,149 162 137
331,Luhya,GFX_Luhya_Culture,State_Culture_Luhya,101 70 73
332,Kalenjin,GFX_Kalenjin_Culture,State_Culture_Kalenjin,108 59 41
333,Mijikenda,GFX_Mijikenda_Culture,State_Culture_Mijikenda,82 60 56
334,Acholi,GFX_Acholi_Culture,State_Culture_Acholi,125 109 71
335,Lugbara,GFX_Lugbara_Culture,State_Culture_Lugbara,160 143 102
336,Baganda,GFX_Baganda_Culture,State_Culture_Baganda,108 41 57
337,Banyankole,GFX_Banyankole_Culture,State_Culture_Banyankole,140 122 80
338,Busoga,GFX_Busoga_Culture,State_Culture_Busoga,154 119 89
339,Berta,GFX_Berta_Culture,State_Culture_Berta,199 190 163
340,Gedeo,GFX_Gedeo_Culture,State_Culture_Gedeo,48 126 74
341,Dinka,GFX_Dinka_Culture,State_Culture_Dinka,199 154 76
342,Nuer,GFX_Nuer_Culture,State_Culture_Nuer,198 182 75
343,Shilluk,GFX_Shilluk_Culture,State_Culture_Shilluk,199 183 76
344,Toposa,GFX_Toposa_Culture,State_Culture_Toposa,199 184 85
345,Zaghawa,GFX_Zaghawa_Culture,State_Culture_Zaghawa,195 74 117
346,Kanembu,GFX_Kanembu_Culture,State_Culture_Kanembu,176 113 67
347,Toubou,GFX_Toubou_Culture,State_Culture_Toubou,133 105 51
348,Edo,GFX_Edo_Culture,State_Culture_Edo,196 173 112
349,Kanuri,GFX_Kanuri_Culture,State_Culture_Kanuri,44 115 87
350,Jukun,GFX_Jukun_Culture,State_Culture_Jukun,171 78 102
351,Tiv,GFX_Tiv_Culture,State_Culture_Tiv,35 93 71
352,Nupe,GFX_Nupe_Culture,State_Culture_Nupe,52 136 84
353,Fon,GFX_Fon_Culture,State_Culture_Fon,150 78 65
354,Tem,GFX_Tem_Culture,State_Culture_Tem,77 117 57
355,Gen-Mina,GFX_Gen_Mina_Culture,State_Culture_Gen_Mina,104 134 65
356,Mole-Dagbon,GFX_Mole_Dagbon_Culture,State_Culture_Mole_Dagbon,136 103 52
357,Ewe,GFX_Ewe_Culture,State_Culture_Ewe,171 78 102
358,Gurma,GFX_Gurma_Culture,State_Culture_Gurma,175 92 134
359,Kru,GFX_Kru_Culture,State_Culture_Kru,182 184 162
360,Senufo,GFX_Senufo_Culture,State_Culture_Senufo,192 190 174
361,Kulango,GFX_Kulango_Culture,State_Culture_Kulango,174 177 149
362,Zarma,GFX_Zarma_Culture,State_Culture_Zarma,168 100 64
363,Mossi,GFX_Mossi_Culture,State_Culture_Mossi,128 63 82
364,Kpelle,GFX_Kpelle_Culture,State_Culture_Kpelle,137 123 162
365,Bassa,GFX_Bassa_Culture,State_Culture_Bassa,127 111 155
366,Tenme,GFX_Tenme_Culture,State_Culture_Tenme,130 162 156
367,Sherbro,GFX_Sherbro_Culture,State_Culture_Sherbro,142 169 158
368,Wolof,GFX_Wolof_Culture,State_Culture_Wolof,153 119 74
369,Serer,GFX_Serer_Culture,State_Culture_Serer,119 108 58
370,Jola,GFX_Jola_Culture,State_Culture_Jola,100 103 50
371,Balanta,GFX_Balanta_Culture,State_Culture_Balanta,199 148 94
372,Manjak,GFX_Manjak_Culture,State_Culture_Manjak,199 169 80
373,Cape Verdean,GFX_Cape_Verdean_Culture,State_Culture_Cape_Verdean,71 180 90
374,Susu,GFX_Susu_Culture,State_Culture_Susu,100 95 77
375,Kissi,GFX_Kissi_Culture,State_Culture_Kissi,126 112 97
376,Dogon,GFX_Dogon_Culture,State_Culture_Dogon,166 151 83
377,Songhay,GFX_Songhay_Culture,State_Culture_Songhay,127 127 127
378,Luso-African,GFX_Luso_African_Culture,State_Culture_Luso_African,31 82 31
379,Sami,GFX_Sami_Culture,State_Culture_Sami,76 117 132
380,Indo-Fijian,GFX_Indo_Fijians_Culture,State_Culture_Indo_Fijians,57 108 41
381,iTaukei,GFX_iTaukei_Culture,State_Culture_iTaukei,33 87 33
382,Afro-Carribean,GFX_Afro_Carribean_Culture,State_Culture_Afro_Carribean,65 82 170
383,Abkhazian,GFX_Abkhazian_Culture,State_Culture_Abkhazian,64 82 63
384,Mountain Jews,GFX_Mountain_Jews_Culture,State_Culture_Mountain_Jews,63 82 64
385,Gagauz,GFX_Gagauz_Culture,State_Culture_Gagauz,199 106 76
386,Russlanddeutsche,GFX_Russlanddeutsche_Culture,State_Culture_Russlanddeutsche,46 91 44
387,Chukchi,GFX_Chukchi_Culture,State_Culture_Chukchi,184 178 122
388,Sakha,GFX_Sakha_Culture,State_Culture_Sakha,104 94 184
389,Khakas,GFX_Khakas_Culture,State_Culture_Khakas,135 100 151
390,Tatar,GFX_Tatar_Culture,State_Culture_Tatar,189 190 101
391,Khanty,GFX_Khanty_Culture,State_Culture_Khanty,96 184 94
392,Nenets,GFX_Nenets_Culture,State_Culture_Nenets,61 119 107
393,Komi,GFX_Komi_Culture,State_Culture_Komi,80 91 149
394,Bashkir,GFX_Bashkir_Culture,State_Culture_Bashkir,86 68 51
395,Avar,GFX_Avar_Culture,State_Culture_Avar,91 109 156
396,Kumyk,GFX_Kumyk_Culture,State_Culture_Kumyk,158 87 135
397,Dargins,GFX_Dargins_Culture,State_Culture_Dargins,104 134 162
398,Ingush,GFX_Ingush_Culture,State_Culture_Ingush,156 110 91
399,Kalmyk,GFX_Kalmyk_Culture,State_Culture_Kalmyk,139 178 199
400,Udmurt,GFX_Udmurt_Culture,State_Culture_Udmurt,100 137 151
401,Mari,GFX_Mari_Culture,State_Culture_Mari,146 80 149
402,Chuvash,GFX_Chuvash_Culture,State_Culture_Chuvash,151 98 84
403,Balti,GFX_Balti_Culture,State_Culture_Balti,182 177 139
404,Kho,GFX_Kho_Culture,State_Culture_Kho,149 158 86
405,Shina,GFX_Shina_Culture,State_Culture_Shina,164 157 99
406,Sindhi,GFX_Sindhi_Culture,State_Culture_Sindhi,82 82 82
407,Chakma,GFX_Chakma_Culture,State_Culture_Chakma,42 111 79
408,Tripuri,GFX_Tripuri_Culture,State_Culture_Tripuri,199 162 76
409,Mizo,GFX_Mizo_Culture,State_Culture_Mizo,199 120 113
410,Meitei,GFX_Meitei_Culture,State_Culture_Meitei,87 155 158
411,Khasi,GFX_Khasi_Culture,State_Culture_Khasi,178 77 68
412,Garo,GFX_Garo_Culture,State_Culture_Garo,178 103 68
413,Malayalam,GFX_Malayalam_Culture,State_Culture_Malayalam,199 161 113
414,Marathi,GFX_Marathi_Culture,State_Culture_Marathi,199 115 76
415,Konkani,GFX_Konkani_Culture,State_Culture_Konkani,86 101 82
416,Central American,GFX_Central_American_Culture,State_Culture_Central_American,55 91 145
417,Khmu,GFX_Khmu_Culture,State_Culture_Khmu,184 175 70
418,Ilocano,GFX_Ilocano_Culture,State_Culture_Ilocano,127 111 155
419,Cuyunon,GFX_Cuyunon_Culture,State_Culture_Cuyunon,170 161 184
420,Visayan,GFX_Visayan_Culture,State_Culture_Visayan,137 123 162
421,Maranao,GFX_Maranao_Culture,State_Culture_Maranao,105 87 137
422,Maguindanaon,GFX_Maguindanaon_Culture,State_Culture_Maguindanaon,159 149 177
423,Maldivian,GFX_Maldivian_Culture,State_Culture_Maldivian,94 66 58
424,Surinamer,GFX_Surinamer_Culture,State_Culture_Surinamer,153 58 78
425,Swabian,GFX_Swabian_Culture,State_Culture_Swabian,130 130 130
426,Eastern German,GFX_Eastern_German_Culture,State_Culture_Eastern_German,109 109 109
427,East Prussian,GFX_East_Prussian_Culture,State_Culture_East_Prussian,158 140 87
428,Silesian,GFX_Silesian_Culture,State_Culture_Silesian,119 87 158
429,Saraiki,GFX_Saraiki_Culture,State_Culture_Saraiki,164 113 106
430,Guarani,GFX_Guarani_Culture,State_Culture_Guarani,87 158 99
431,Chilean,GFX_Chilean_Culture,State_Culture_Chilean,181 77 69
432,Nung,GFX_Nung_Culture,State_Culture_Nung,158 87 96
433,Turkoman,GFX_Turkoman_Culture,State_Culture_Turkoman,76 165 199
434,Sarawakian,GFX_Sarawakian_Culture,State_Culture_Sarawakian,87 117 158
435,Dayak,GFX_Dayak_Culture,State_Culture_Dayak,45 45 117
436,Nanyanese,GFX_Nanyanese_Culture,State_Culture_Nanyanese,199 125 125
437,Agaw,GFX_Agaw_Culture,State_Culture_Agaw,167 116 145
438,Cochinchinese,GFX_Cochinchinese_Culture,State_Culture_Cochinchinese,48 67 127
439,Annamite,GFX_Annamite_Culture,State_Culture_Annamite,199 199 76
440,Gumuz,GFX_Gumuz_Culture,State_Culture_Gumuz,154 90 111
441,Welayta,GFX_Welayta_Culture,State_Culture_Welayta,129 49 68
442,Gamo,GFX_Gamo_Culture,State_Culture_Gamo,109 41 41
443,Aari,GFX_Aari_Culture,State_Culture_Aari,149 57 57
444,Hadiya,GFX_Hadiya_Culture,State_Culture_Hadiya,137 123 162
445,Gurage,GFX_Gurage_Culture,State_Culture_Gurage,140 136 170
446,Silte,GFX_Silte_Culture,State_Culture_Silte,127 111 155
447,Kafficho,GFX_Kafficho_Culture,State_Culture_Kafficho,89 34 34
448,Dawro,GFX_Dawro_Culture,State_Culture_Dawro,82 43 31
449,Bench,GFX_Bench_Culture,State_Culture_Bench,169 89 64
450,Chamdo,GFX_Chamdo_Culture,State_Culture_Chamdo,138 158 87
451,Pangasinan,GFX_Pangasinan_Culture,State_Culture_Pangasinan,164 161 184
452,Sambal,GFX_Sambal_Culture,State_Culture_Sambal,175 161 184
453,Kapampangan,GFX_Kapampangan_Culture,State_Culture_Kapampangan,93 87 137
454,Bicolano,GFX_Bicolano_Culture,State_Culture_Bicolano,128 98 148
455,Kalinga,GFX_Kalinga_Culture,State_Culture_Kalinga,117 87 137
456,Kankanaey,GFX_Kankanaey_Culture,State_Culture_Kankanaey,93 87 137
457,Ifugao,GFX_Ifugao_Culture,State_Culture_Ifugao,164 161 184
458,Khmer Loeu,GFX_Khmer_Loeu_Culture,State_Culture_Khmer_Loeu,189 107 78
459,Hawaiian,GFX_Hawaiian_Culture,State_Culture_Hawaiian,76 199 140
460,Koyro-Saram,GFX_Koyro_Saram_Culture,State_Culture_Koyro_Saram,87 129 114
461,Galician,GFX_Galician_Culture,State_Culture_Galician,172 126 97
462,Sundanese,GFX_Sundanese_Culture,State_Culture_Sundanese,92 122 84
463,Central Italian,GFX_Central_Italian_Culture,State_Culture_Central_Italian,90 122 76
464,Mayan,GFX_Mayan_Culture,State_Culture_Mayan,89 138 173
465,Cypriot,GFX_Cypriot_Culture,State_Culture_Cypriot,170 106 148
466,Mapuche,GFX_Mapuche_Culture,State_Culture_Mapuche,162 69 62
467,Southern Chilean,GFX_Southern_Chilean_Culture,State_Culture_Southern_Chilean,191 75 95
468,Guacho,GFX_Guacho_Culture,State_Culture_Guacho,136 180 194
469,Halychian,GFX_Halychian_Culture,State_Culture_Halychian,59 105 156
470,Isan,GFX_Isan_Culture,State_Culture_Isan,158 174 174
471,Sui,GFX_Sui_Culture,State_Culture_Sui,75 137 196
472,Keru,GFX_Keru_Culture,State_Culture_Keru,199 199 76
473,Hor,GFX_Hor_Culture,State_Culture_Hor,199 170 76
474,Alawi,GFX_Alawi_Culture,State_Culture_Alawi,49 130 49
475,Bonin Islander,GFX_Bonin_Islander_Culture,State_Culture_Bonin_Islander,191 191 191
476,Jaegaseung,GFX_Jaegaseung_Culture,State_Culture_Jaegaseung,47 99 124
477,Paraguayan,GFX_Paraguayan_Culture,State_Culture_Paraguayan,54 84 143
478,Aymara,GFX_Aymara_Culture,State_Culture_Aymara,176 124 67
479,Ecuadorian,GFX_Ecuadorian_Culture,State_Culture_Ecuadorian,177 73 94
480,Venezuelan,GFX_Venezuelan_Culture,State_Culture_Venezuelan,121 93 116
481,Javanese Surinamese,GFX_Javanese_Surinamese_Culture,State_Culture_Javanese_Surinamese,174 66 114
482,Cha-va,GFX_Cha_va_Culture,State_Culture_Cha_va,56 100 148
483,Kuban,GFX_Kuban_Culture,State_Culture_Kuban,78 124 61
484,Sikkimese,GFX_Sikkimese_Culture,State_Culture_Sikkimese,144 55 55
485,Ladakhi,GFX_Ladakhi_Culture,State_Culture_Ladakhi,169 162 165
486,Deccani,GFX_Deccani_Culture,State_Culture_Deccani,199 161 113
487,Bhili,GFX_Bhili_Culture,State_Culture_Bhili,199 130 98
488,Gondi,GFX_Gondi_Culture,State_Culture_Gondi,199 92 83
489,Rajasthani,GFX_Rajasthani_Culture,State_Culture_Rajasthani,178 77 68
490,Sikh Punjabi,GFX_Sikh_Punjabi_Culture,State_Culture_Sikh_Punjabi,170 125 119
491,Hindu Punjabi,GFX_Hindu_Punjabi_Culture,State_Culture_Hindu_Punjabi,176 132 137
492,Marwari,GFX_Marwari_Culture,State_Culture_Marwari,178 130 68
493,Viet-Kieu,GFX_Viet_Kieu_Culture,State_Culture_Viet_Kieu,158 87 158
494,Muhajir,GFX_Muhajir_Culture,State_Culture_Muhajir,82 82 82
495,Tamang,GFX_Tamang_Culture,State_Culture_Tamang,148 126 119
496,Chuanqing,GFX_Chuanqing_Culture,State_Culture_Chuanqing,75 108 196
497,Aromanian,GFX_Aromanian_Culture,State_Culture_Aromanian,143 68 112
498,Métis,GFX_Metis_Culture,State_Culture_Metis,158 86 86
499,Tuija,GFX_Tuija_Culture,State_Culture_Tuija,34 50 90
500,Hainanese,GFX_Hainanese_Culture,State_Culture_Hainanese,34 77 90
501,Hlai,GFX_Hlai_Culture,State_Culture_Hlai,34 63 90
502,Huaxiang,GFX_Huaxiang_Culture,State_Culture_Huaxiang,75 137 196
503,Paoh,GFX_Paoh_Culture,State_Culture_Paoh,128 103 113
504,Kokang Chinese,GFX_Kokang_Chinese_Culture,State_Culture_Kokang_Chinese,128 103 113
505,Moro,GFX_Moro_Culture,State_Culture_Moro,175 161 184
506,Tasung,GFX_Tasung_Culture,State_Culture_Tasung,46 72 122
507,Sammarinese,GFX_Sammarinese_Culture,State_Culture_Sammarinese,76 174 199
508,Andorran,GFX_Andorran_Culture,State_Culture_Andorran,190 186 136
509,Monegasque,GFX_Monegasque_Culture,State_Culture_Monegasque,175 67 79
510,Talysh,GFX_Talysh_Culture,State_Culture_Talysh,77 94 73
511,Crimean Tatar,GFX_Crimean_Tatar_Culture,State_Culture_Crimean_Tatar,68 101 98
512,Khamseh Arab,GFX_Khamseh_Arab_Culture,State_Culture_Khamseh_Arab,96 137 92
513,Ahwazi Arab,GFX_Ahwazi_Arab_Culture,State_Culture_Ahwazi_Arab,92 137 109
514,Nuristani,GFX_Nuristani_Culture,State_Culture_Nuristani,179 68 95
515,Qashqai,GFX_Qashqai_Culture,State_Culture_Qashqai,55 82 65
516,Lak,GFX_Lak_Culture,State_Culture_Lak,57 82 55
517,Mazanderani,GFX_Mazanderani_Culture,State_Culture_Mazanderani,55 82 59
518,Gilak,GFX_Gilak_Culture,State_Culture_Gilak,83 123 88
519,Yugoslavian,GFX_Yugoslavian_Culture,State_Culture_Yugoslavian,87 158 137
520,Lao Loum,GFX_Lao_Loum_Culture,State_Culture_Lao_Loum,97 78 37
521,Tai Nyaw,GFX_Tai_Nyaw_Culture,State_Culture_Tai_Nyaw,134 152 157
522,Orcadian,GFX_Orcadian_Culture,State_Culture_Orcadian,154 160 131
523,Cornish,GFX_Cornish_Culture,State_Culture_Cornish,199 76 96
524,Manx,GFX_Manx_Culture,State_Culture_Manx,199 85 76
525,Jersey,GFX_Jersey_Culture,State_Culture_Jersey,157 67 60
526,Chagossian,GFX_Chagossian_Culture,State_Culture_Chagossian,110 134 84
527,Gibraltarian,GFX_Gibraltarian_Culture,State_Culture_Gibraltarian,41 108 59
528,Lao Theung,GFX_Lao_Theung_Culture,State_Culture_Lao_Theung,141 92 53
529,Lao Soung,GFX_Lao_Soung_Culture,State_Culture_Lao_Soung,162 130 62
530,Domi,GFX_Domi_Culture,State_Culture_Domi,86 86 114
531,Newfoundlander,GFX_Newfoundlander_Culture,State_Culture_Newfoundlander,199 100 76
532,Dungan,GFX_Dungan_Culture,State_Culture_Dungan,98 49 53
533,Nicobarese,GFX_Nicobarese_Culture,State_Culture_Nicobarese,199 140 113
534,Bolivian,GFX_Bolivian_Culture,State_Culture_Bolivian,199 110 76
535,Highlander,GFX_Highlander_Culture,State_Culture_Highlander,176 175 155
536,Zapotec,GFX_Zapotec_Culture,State_Culture_Zapotec,31 82 78
537,Mixtec,GFX_Mixtec_Culture,State_Culture_Mixtec,31 82 66
538,Mazatec,GFX_Mazatec_Culture,State_Culture_Mazatec,58 153 100
539,Totonac,GFX_Totonac_Culture,State_Culture_Totonac,58 153 146
540,Purepecha,GFX_Purepecha_Culture,State_Culture_Purepecha,31 82 53
541,Otomi,GFX_Otomi_Culture,State_Culture_Otomi,31 82 66
542,Wixarika,GFX_Wixarika_Culture,State_Culture_Wixarika,50 132 106
543,Madurese,GFX_Madurese_Culture,State_Culture_Madurese,94 135 94
544,Khampa,GFX_Khampa_Culture,State_Culture_Khampa,159 150 156
545,Amdowa,GFX_Amdowa_Culture,State_Culture_Amdowa,149 139 144
546,Sangxidiu,GFX_Sangxidiu_Culture,State_Culture_Sangxidiu,128 140 80
